{"type":"FeatureCollection","features":[{"type":"Feature","geometry":{"type":"MultiPolygon","coordinates":[[[[126.824344767953,37.51022586624615],[126.82412736794555,37.51041824502815],[126.82406008111737,37.51048081725314],[126.82385670190524,37.51087508322443],[126.82414707105036,37.51244044225753],[126.82440812510971,37.51317655114923],[126.82429915982328,37.513667708920096],[126.82425573447613,37.51446756541504],[126.82379593930496,37.514663679408834],[126.82340131004537,37.514953376644506],[126.8231045552827,37.51622024092507],[126.82381122741936,37.51701276783894],[126.82382074065407,37.517022639533096],[126.82416084014837,37.517376790050236],[126.8244961934933,37.51771572584983],[126.82459192463595,37.51804614653014],[126.82513565489648,37.51906704731326],[126.82513882055963,37.51907269332211],[126.8254154753204,37.51965367999327],[126.82549884808532,37.519829496943025],[126.82561404335479,37.52007293815129],[126.82561738648492,37.520079978661435],[126.8256189781088,37.5203024187423],[126.82561168070781,37.52039982369532],[126.82563186797337,37.52045926537296],[126.82562909811789,37.52066141837785],[126.82565439762752,37.52103002426264],[126.82554187190497,37.52145135125264],[126.82558924206717,37.52175212892127],[126.8254803593668,37.521752525421206],[126.82566075480311,37.52223511496297],[126.82558133896293,37.5223326901279],[126.82542127401481,37.5225292663569],[126.82538971417641,37.522566663300225],[126.82521741213752,37.522780113056584],[126.82519578593985,37.522808237453205],[126.82519276074552,37.52281443233174],[126.825137346482,37.52300552207257],[126.82516285151398,37.52305511425605],[126.82545044050494,37.52335569252454],[126.82549656243565,37.52336026572974],[126.82572400577928,37.52360217908244],[126.82582079491148,37.52370819812636],[126.82587026983279,37.52379329923244],[126.82591427828523,37.5238688220145],[126.82594191591008,37.523916165129044],[126.82608831697607,37.52419906977313],[126.82612645056567,37.52429570461782],[126.82631211154582,37.52457162946859],[126.82647904559428,37.52476277103058],[126.82650693222406,37.52493231655542],[126.82674987650371,37.525128073871755],[126.8273089781859,37.525275869718094],[126.82795903176483,37.52568819464031],[126.82814889931728,37.52583263216099],[126.82814646386879,37.52611727965482],[126.82825863953438,37.5262999051444],[126.82883723898075,37.52650853938635],[126.82883740198716,37.52651586485333],[126.82842776306039,37.5267027792821],[126.82834460236508,37.52688791858456],[126.82832679924712,37.52694534143216],[126.82830116198504,37.52702497720945],[126.82809491643538,37.527615952327984],[126.82795484591645,37.52795446565308],[126.82793917772203,37.52800315173291],[126.82787505485823,37.52836486842667],[126.82821397448012,37.529029280754955],[126.82813663317364,37.52906971162634],[126.827586026936,37.52935862685314],[126.82757417874058,37.52936423956524],[126.82706975426727,37.52970869425699],[126.82689528236807,37.52970843548449],[126.82654454112982,37.52979688951765],[126.82624731612789,37.5298262890615],[126.82555838644963,37.529846943342285],[126.8253125898266,37.52995892164394],[126.82505967975418,37.53023729361303],[126.82473550699176,37.53060029620316],[126.82457884125034,37.53121696287519],[126.82421817687421,37.53161285757539],[126.824133948117,37.531645959801814],[126.82396102380476,37.53181125734735],[126.82394688284465,37.53188697435452],[126.82386656187963,37.53206114138458],[126.82376917454822,37.53220374770972],[126.82371571485595,37.53223829333682],[126.82367243490557,37.532297079637246],[126.82343072897542,37.532616568882915],[126.82349622905686,37.53294721478084],[126.82347470999707,37.533447233583544],[126.82355280601145,37.53376326564916],[126.82328134929405,37.53380677048127],[126.82270286688137,37.53375465687754],[126.82262295279175,37.53420109435598],[126.82192192638065,37.53482762528924],[126.82186800371889,37.5349030013341],[126.82193289018097,37.53505006968103],[126.82243403239795,37.53654309951465],[126.82234193981324,37.53697994162349],[126.82234120941929,37.5369923270694],[126.82233587157415,37.53744986249177],[126.8223218259072,37.53792397909768],[126.82205440557716,37.538637329487635],[126.821890585186,37.53905041033832],[126.8217476125393,37.53932302980217],[126.82159056877165,37.53971190346989],[126.82205433002832,37.540660902332306],[126.8221212981799,37.540677897073856],[126.82206685069323,37.54067275154354],[126.82183305794237,37.54070166879176],[126.82155544009426,37.54072236450698],[126.820936223837,37.54075211705867],[126.82072777442039,37.5407540418128],[126.8201874742955,37.54075687947552],[126.8197912823289,37.5407514775267],[126.81931979131501,37.54074399420787],[126.8189524652555,37.54072006384393],[126.81866893920925,37.540694558927754],[126.81837799846257,37.54067045794053],[126.81816834443985,37.54066000525196],[126.81790066193224,37.54066183219033],[126.81734940662979,37.54066154142741],[126.81709100663936,37.540629603846305],[126.81695209310874,37.540611646026825],[126.8168207902972,37.540589762291134],[126.81656785990076,37.54056008491489],[126.8163124116137,37.54055180098442],[126.81611808783676,37.54056529008956],[126.81575210762101,37.540568940317506],[126.81534828384997,37.540575061265834],[126.81499985838813,37.54063026521425],[126.81472657344514,37.54068275854007],[126.81463976939409,37.5406857211661],[126.81434927704282,37.54069089222464],[126.81393379144528,37.54069501733928],[126.81364791070719,37.54069400352475],[126.81349797351785,37.540703621377475],[126.81350407890832,37.54065998703807],[126.8135133458772,37.54063269197755],[126.81331779193795,37.54064110201186],[126.81305060136224,37.54065813923995],[126.81265004731235,37.54070507910095],[126.81254975983518,37.54071956078038],[126.8123342102162,37.540736676960805],[126.81183630963369,37.54095802680079],[126.81163648238453,37.54104893070204],[126.81155045993316,37.54108652559634],[126.81111790367837,37.54127109106989],[126.81059470663716,37.54149634034848],[126.81056001318592,37.54151514169953],[126.81034485819738,37.54164685323275],[126.8102037026694,37.54174375989373],[126.80997750030225,37.54191288754557],[126.80981346135533,37.54203707494734],[126.80959045956608,37.542197207117525],[126.80943440815417,37.54231323485196],[126.80908473169293,37.542573105334135],[126.80865272734864,37.542880143359874],[126.80820960203853,37.543106361243034],[126.80788653135563,37.54326518975024],[126.80792206135682,37.543265248363355],[126.80763759537757,37.54347060299053],[126.80758836376164,37.54350036329114],[126.80719334502574,37.543716519036394],[126.80717704234839,37.54373338682674],[126.80710320749056,37.54377325104562],[126.8068717925677,37.543900692902696],[126.80669533321263,37.54404174111954],[126.80647812845743,37.544212857850496],[126.80647157351301,37.54421340524542],[126.80641275781686,37.54426033186243],[126.80631779416852,37.54433535333964],[126.8062406949629,37.5444075848858],[126.80624002181247,37.54439716850801],[126.80623867029892,37.54437294688454],[126.80623662837937,37.544339723731476],[126.80621622447258,37.544301677476746],[126.80653382221013,37.544143961890505],[126.80660327858244,37.54408635959354],[126.80670283475216,37.54401134504097],[126.806830390783,37.543912734952634],[126.80701414741894,37.543753949509586],[126.80702565436385,37.5437503107748],[126.80719336560223,37.54364359367616],[126.80724117395215,37.543613262402765],[126.80732486555972,37.54359059650587],[126.80719331583813,37.543593200924064],[126.80712718450786,37.5435944985109],[126.80680593696223,37.54359565254396],[126.80654156563787,37.54354706801038],[126.80630004259801,37.543479662181795],[126.80610653524738,37.54344640275579],[126.80563857844665,37.543363131782606],[126.80545178652655,37.54333099949386],[126.8052623305296,37.54329746379272],[126.80506101350547,37.54327826329361],[126.804932677201,37.543268193569965],[126.8049174744899,37.5432664833789],[126.80480947674411,37.543255040174515],[126.80446738145272,37.543249398560526],[126.80441151293702,37.54324677319432],[126.80441120985698,37.54322875335534],[126.80441035675746,37.54321720922772],[126.80417672377415,37.543181059157945],[126.80395987592652,37.54314690884003],[126.8034927306488,37.54309094125759],[126.80302542383957,37.54296542268768],[126.80204931404405,37.5427582446428],[126.8018499944564,37.5427159491738],[126.80168090936074,37.54261064411221],[126.80166889092146,37.54260696579404],[126.80163672523184,37.54260127915279],[126.80157103715408,37.542505158727515],[126.80141901369117,37.5424297220633],[126.80100522708997,37.54212521567082],[126.80095618176925,37.542088813855386],[126.80067364090831,37.541957969489395],[126.80046942016618,37.5417703853134],[126.80029817629102,37.54167746444799],[126.8001140136192,37.54158789741188],[126.7999840534721,37.541527695856864],[126.7997486123436,37.54143776318488],[126.79965311032201,37.5413883238158],[126.7998622087605,37.54140698165589],[126.80021499638728,37.54144728974723],[126.80050806950618,37.54146777210012],[126.8005460732478,37.54146925208056],[126.80055974367158,37.54144730946062],[126.80061851897696,37.54135308535801],[126.80066167728802,37.54128023999348],[126.8005808224652,37.54123729720361],[126.80030037912964,37.541186707209405],[126.80031217230017,37.54107185036845],[126.80033308342085,37.5408567753494],[126.80035074292687,37.54086581364459],[126.80055830322799,37.54099765878324],[126.80071927305487,37.54103059376323],[126.80078218460058,37.541043368574954],[126.8008100923544,37.540856181133094],[126.80081462220149,37.54081226528478],[126.80038946883693,37.54079633369999],[126.80038045989009,37.54079350598755],[126.80018570068451,37.540765855706525],[126.79986741968541,37.540719706142085],[126.79970642118865,37.54069408499266],[126.79932945431351,37.54064220119474],[126.79927361836273,37.54063196961752],[126.79930280738336,37.54055881464108],[126.79935510674915,37.5404406487662],[126.79936062919882,37.54042770217285],[126.79939719630671,37.5403027516231],[126.79941679758538,37.54024704065735],[126.79942238208037,37.540211290186996],[126.79936214429495,37.540193735531005],[126.7992175081052,37.54019686629076],[126.79915206722512,37.54020744926782],[126.79901019135538,37.54024043443785],[126.79894892978703,37.5402746754081],[126.79893192583418,37.540281691015885],[126.79886154251795,37.54029254541211],[126.7988614199871,37.54027058600277],[126.79885917311329,37.539992681865584],[126.79884333677421,37.53983244981198],[126.79880169955067,37.53960600309775],[126.79876296929358,37.5394800774487],[126.79873631873554,37.53939866297187],[126.79889526260942,37.53939273833259],[126.79900903442675,37.539358865228245],[126.7991394413449,37.53931911351907],[126.7992427738733,37.539287753965354],[126.79929568451533,37.53920281003965],[126.79937040166284,37.53909622438492],[126.7994119170233,37.539041389412986],[126.79942665170465,37.53901917761077],[126.79945858830817,37.538911672964055],[126.79944239280852,37.53888799419287],[126.79929958033836,37.5388748017892],[126.7991460759813,37.5388911447342],[126.79918920237253,37.53883012156588],[126.79928214573376,37.53858532942282],[126.79934105937974,37.53837679611512],[126.79935513480962,37.53833458185335],[126.79936426465001,37.53829292689187],[126.79941101537214,37.5381339282606],[126.79942872604802,37.538057374042054],[126.79947900949198,37.53776744848573],[126.79946231959703,37.5377257492657],[126.79937302288009,37.53773094805357],[126.79928782543344,37.537726576171],[126.79918194381331,37.537654883969736],[126.79912375261819,37.53760128375381],[126.79908814128264,37.53756518258982],[126.79865778769229,37.53764694789045],[126.798512419028,37.53766330368591],[126.79842772748925,37.5376685098612],[126.7982541978226,37.53770509707865],[126.79825287625313,37.537670740914805],[126.79825272186177,37.53766060318576],[126.79823946427956,37.537660023225264],[126.79823859754539,37.537591878741566],[126.79825037856945,37.537548543548304],[126.79826664870357,37.53748184323418],[126.79828435888723,37.53740640705728],[126.79829758108554,37.537354065337816],[126.79830743170643,37.53730565301039],[126.79834983510861,37.53725223532138],[126.79825549550054,37.537227007169086],[126.79824423553424,37.5372692259345],[126.79817178969279,37.53732316040841],[126.79816789350787,37.53732512764523],[126.79801903714774,37.53725954790817],[126.79792658690704,37.53719293186568],[126.79789085461698,37.53713459366158],[126.79783439622199,37.537092538372576],[126.79781011328033,37.53704829284898],[126.79776801738075,37.53705835757882],[126.79769215163049,37.53706751453029],[126.79756308508999,37.53706870643482],[126.79724575595563,37.53707013184864],[126.79721322490407,37.53707120190912],[126.7971520524401,37.53706883478149],[126.79700640369192,37.537060140454216],[126.79690256459912,37.5370208206927],[126.79689496898185,37.537017997279065],[126.79683051888374,37.53699057541597],[126.7968013742667,37.53698150726105],[126.79673376899062,37.5369405656608],[126.79672304824408,37.536918590433096],[126.79672131731459,37.53690619710581],[126.79673249187293,37.53682850683755],[126.7966973233798,37.5368214003265],[126.79665773717691,37.536816547807796],[126.79661737043827,37.5367742472473],[126.79656239445383,37.536773863656734],[126.79654506809484,37.536774960840695],[126.79630760182422,37.53678750460029],[126.79618122474281,37.53677742772708],[126.79611143702304,37.53676491756201],[126.79604199767972,37.536749597135746],[126.79601058931227,37.53672870221372],[126.79599346792321,37.53671769753954],[126.79596011335728,37.53669652088444],[126.79589480273907,37.5366614948983],[126.79575232010777,37.5365914199412],[126.79555357853717,37.53647394340075],[126.79549425624128,37.53644511609377],[126.79542611273997,37.536411210079585],[126.79524453514252,37.53629038662336],[126.79511240830058,37.53618682868563],[126.79479445725957,37.535964115517565],[126.79463091636967,37.53590442710551],[126.79453553239823,37.535877220811415],[126.79453679387237,37.5358668071146],[126.79442517124245,37.53582888773839],[126.79439686007461,37.53590344909756],[126.79436878111983,37.53595548705408],[126.79436487017693,37.536023900644786],[126.79437291337943,37.53624944188466],[126.794295609313,37.53645935480431],[126.79425338180164,37.53657866245835],[126.79421588095072,37.53665039615351],[126.79418510877444,37.5367184742383],[126.79418119221104,37.53672692017641],[126.79413395289134,37.53686704908889],[126.79398265777203,37.537302917026146],[126.7939634000023,37.53736032027601],[126.79398327891955,37.537589549948365],[126.79399426664904,37.5377072573115],[126.79400774761855,37.53781962510239],[126.79401554865986,37.53787510456122],[126.79403979347605,37.53799396888952],[126.79406396930578,37.53807340619197],[126.79414889047915,37.53817744945658],[126.79418289666518,37.538220026958186],[126.79422336403897,37.538291898206275],[126.79421566749092,37.53838648772021],[126.79417412284106,37.53857730827426],[126.79413758292178,37.53861976281564],[126.79410377592974,37.53870135936057],[126.79407227363576,37.53877591582757],[126.79405787256574,37.53880742569989],[126.79404205311263,37.53883695980397],[126.79399089081457,37.53892528304362],[126.79393654081673,37.53901726100746],[126.79391241556354,37.53917347641749],[126.79393022955868,37.53925319091962],[126.79394837697399,37.53933938526341],[126.79393594706039,37.539423543366645],[126.79388503088725,37.53954959249693],[126.79379938225209,37.539576760398226],[126.79379513969302,37.53957675152951],[126.79365748575844,37.53961620751025],[126.79347543800742,37.53966206371587],[126.79326245970384,37.53970279155074],[126.79331099701078,37.53973272556585],[126.79344447489336,37.53979856193289],[126.79357088199536,37.53986072825245],[126.79361059488515,37.53988613289618],[126.79365524728135,37.53991325103967],[126.79379505552507,37.539990081385305],[126.79380281646816,37.53999487987418],[126.7940910287091,37.54017473719824],[126.794268047804,37.5401590012982],[126.79428155588518,37.540197037559054],[126.79434303113635,37.54021291382993],[126.79437639516634,37.540234081638346],[126.7943724657984,37.54037457608056],[126.79440514590137,37.540446992107505],[126.79454481212558,37.54064151789651],[126.79472294992638,37.54086115760187],[126.79481302414636,37.540956486175],[126.79488879027818,37.54105094309676],[126.79490372432684,37.5410841895126],[126.79492565944179,37.54120896147621],[126.79492279451914,37.5412838459187],[126.7949420871513,37.54134103991181],[126.79494447812536,37.54137202023561],[126.79460936484993,37.54140296646521],[126.79434049412819,37.541448383403846],[126.79366795316717,37.54151590202553],[126.79342230383942,37.54153911970642],[126.79301746589306,37.54159443879089],[126.79269479583324,37.541661442859144],[126.79241634072268,37.541722614397315],[126.79236680958383,37.54173238341335],[126.79213052596293,37.541760967738064],[126.79205048414079,37.541808965289896],[126.79181012580344,37.54190286471125],[126.79176798464346,37.54211424366713],[126.79176225998522,37.54213760440181],[126.79175421209897,37.54217108965225],[126.79172147750037,37.54224367845814],[126.79167414443678,37.54235311854316],[126.79158881396421,37.542454885665755],[126.7915762248117,37.54265534228369],[126.79153595758117,37.54283124476975],[126.79157369358445,37.54299264220525],[126.79157730086159,37.54303038279486],[126.79158339425706,37.54306473901167],[126.79161381431595,37.543123636934425],[126.79164377708041,37.54315551329623],[126.79170158331195,37.54322149563698],[126.79176291523119,37.54329340480162],[126.7917770140475,37.543310036343094],[126.79178373956051,37.54349391273668],[126.79181741863859,37.54352859612932],[126.79181927645749,37.543746252450674],[126.79177223085787,37.54375320676782],[126.79176321130412,37.54375346954711],[126.79172519723696,37.543755096590296],[126.79166650460624,37.54375471206129],[126.79143253740422,37.543774001104254],[126.79123392450917,37.54373112973586],[126.79112708584294,37.543750373590825],[126.79099123221461,37.54377546766548],[126.79075996633004,37.54383981724001],[126.79056489018289,37.54392281113633],[126.79020016748389,37.544103762666495],[126.79004487283372,37.544184573677995],[126.78982365271955,37.544261609614594],[126.78964149472561,37.544341236367536],[126.78938548596642,37.54446297798945],[126.78921478466673,37.54455699524985],[126.78894898215995,37.54470433417323],[126.7887111972512,37.54481933927203],[126.7883973365892,37.5450181282091],[126.78819252184363,37.54516585329062],[126.78811218978153,37.54524989673553],[126.78807297446583,37.5452999388148],[126.78794554256034,37.54546808560328],[126.78783711463483,37.54560726396809],[126.78773135751109,37.54574193182659],[126.78755678788741,37.545885495448275],[126.78742338487133,37.545980984471925],[126.78726079639769,37.5460764193048],[126.78716236560581,37.54605849970362],[126.7870621559897,37.54604171191102],[126.78694633641756,37.545983775928974],[126.78691221582817,37.54598512015399],[126.78680645030246,37.54599563095782],[126.78662360806096,37.54600403001763],[126.7866209500988,37.54600402496192],[126.78625921670617,37.54600026665033],[126.7861359649036,37.546004266478334],[126.78593278688116,37.54601290571014],[126.78586858196309,37.54602038434663],[126.78562001576707,37.546010361354874],[126.78557952655143,37.54601028747447],[126.78548194460619,37.54600475790279],[126.7854249852563,37.54601478930934],[126.78541402155074,37.54601392251203],[126.7851600570321,37.546039081131966],[126.78484743396682,37.54610608315721],[126.78464885095757,37.546115007671666],[126.78451357393924,37.54612095689788],[126.784475034359,37.54612060618159],[126.78422571971964,37.54606383569035],[126.78394722842856,37.54600869768549],[126.7837708987678,37.546026392243824],[126.78359958275169,37.546020732915814],[126.78355447488259,37.54602966023552],[126.78339488080941,37.5460085249171],[126.78331228517338,37.54601766088248],[126.7831581898255,37.546047226609865],[126.78258572021291,37.54615653844883],[126.78256027658577,37.54615113776662],[126.78248078904853,37.54618393243675],[126.78239686533011,37.54622404054385],[126.78219737126173,37.54630053453063],[126.78203834814227,37.54632754866539],[126.78196980909026,37.5463043370502],[126.7819144324642,37.546195547222304],[126.78190652023572,37.54618089191862],[126.78188798065554,37.5461743887985],[126.78183630616742,37.546068704404554],[126.78167183428604,37.54614047800071],[126.78147738703818,37.54618572464727],[126.7814720872362,37.54618684107851],[126.78143934779861,37.546195510571515],[126.78143651649567,37.546196072083475],[126.7812565869796,37.546233460562966],[126.78120475493074,37.54624349968485],[126.78107596823862,37.54626691165591],[126.78081149313643,37.54631737684147],[126.78068250699833,37.546346706619246],[126.78048594044074,37.54639279307526],[126.78023903756727,37.546420208871915],[126.78004323393053,37.54644489788963],[126.7799998893611,37.5464504474185],[126.7799466483811,37.54645795172555],[126.77979665451322,37.54647794261195],[126.77955186490348,37.54650619726151],[126.77939693425692,37.54652279894324],[126.77921508845942,37.546549486786574],[126.77921083700821,37.54655201125928],[126.77919277968574,37.54656296093969],[126.77906126874876,37.54660776202513],[126.7788947282085,37.54666235434058],[126.77874712153944,37.546713036189715],[126.7786693214416,37.54671345710018],[126.77848896308842,37.54671592826968],[126.77846845318115,37.546717304258394],[126.77833318076038,37.54671817418035],[126.77829111232015,37.54671724809069],[126.7782645928811,37.54671494431924],[126.77808926490445,37.54669180053994],[126.77790633473279,37.546668649619335],[126.77783387118754,37.546659503312185],[126.77767642363999,37.54668933348551],[126.77756301638335,37.54671192302303],[126.77751575799108,37.54678841728454],[126.77745108435956,37.54689218791677],[126.77742896160913,37.5469602874075],[126.7774129107279,37.54700727907036],[126.7773815259771,37.5470961934333],[126.77734779276386,37.547198049087086],[126.77732843553179,37.54722701513932],[126.77731706832681,37.54724388751696],[126.77728831053523,37.547282971868306],[126.77723807662089,37.547348197540146],[126.77710545886588,37.54752701733305],[126.77701989391771,37.54764145234834],[126.77696982277017,37.54771231007573],[126.77693170407807,37.54780542680865],[126.77684724542908,37.54802234865652],[126.77681251072426,37.54810730941853],[126.77674360942822,37.54820432393992],[126.776534665324,37.54830726028786],[126.77633475019555,37.54840288804787],[126.77618456099239,37.548485663836416],[126.776051159505,37.54857466096076],[126.77586548719462,37.548697345041205],[126.77575617542448,37.548767530825664],[126.77561025841067,37.54884016889153],[126.77554634094251,37.54886792382035],[126.77529336022552,37.54897162089694],[126.77489641235732,37.54897001290597],[126.77483504984373,37.548972147418624],[126.7744797623688,37.5489357046527],[126.77422379477999,37.54891550838668],[126.774069083257,37.54891351534506],[126.77392696446059,37.54890225990471],[126.7735758904535,37.54887201999235],[126.77339384118751,37.54885196419785],[126.77296378966192,37.548803830169035],[126.77258042619957,37.548753245298805],[126.77254638381605,37.54872840219576],[126.77251390433064,37.54871031941266],[126.77236664580172,37.54858502165763],[126.77226185267531,37.54850964940032],[126.77221911086487,37.54849125792465],[126.77218855912271,37.54847937759787],[126.77212941026445,37.548453638583275],[126.77195707206249,37.54837756633262],[126.77181823977416,37.548331400033646],[126.77169082657402,37.54830722081642],[126.77155181975527,37.54831792548227],[126.77149440735467,37.54835667317574],[126.77135158496009,37.548629501940184],[126.77124235099362,37.54861803690392],[126.77123272332527,37.54864222740765],[126.77119115097035,37.5486528409161],[126.7710531201588,37.54868805290326],[126.77099283165093,37.54874565165285],[126.77099065163164,37.54876254162361],[126.77102543331809,37.54889297318719],[126.77100662590922,37.549028643997474],[126.77092673849826,37.549133226959626],[126.77088004186515,37.549256743053185],[126.77085972000853,37.54930710559323],[126.77084349431917,37.54935042804938],[126.7707022906868,37.54950078845044],[126.77063611875893,37.549571892222716],[126.7704841833226,37.54964621525938],[126.77040127999938,37.5497527657502],[126.77032748948405,37.54982863704235],[126.77026771961692,37.54999914927394],[126.77008614827882,37.550109156827176],[126.76992220745231,37.55017500435917],[126.76990019670791,37.550259149376835],[126.76986629541202,37.55035706498905],[126.76985043828094,37.55045304402551],[126.76980703064004,37.550539677541025],[126.7698406427301,37.5506489891252],[126.76986636410858,37.55067888844095],[126.76992892777018,37.550745738673605],[126.76993652165494,37.55074998040216],[126.77004137798738,37.55086393600192],[126.77010130547677,37.55092374298045],[126.77026772140701,37.55108652593338],[126.77015960820668,37.55116937741664],[126.77002934026402,37.55115194815399],[126.7699725159911,37.55111663524754],[126.76989467804674,37.551069749584016],[126.76978912770984,37.55106672247432],[126.76971682753944,37.551117548916515],[126.76952314348038,37.551252595923295],[126.76938908878988,37.5513173655769],[126.7693473921773,37.551363460206936],[126.76937832689134,37.55148206415768],[126.76938284511091,37.55150628206435],[126.76932058275378,37.5515720481976],[126.7691847715716,37.55157178254042],[126.76913457460489,37.55156661029229],[126.76904618010144,37.551559679333195],[126.76891754958363,37.5515323961756],[126.76885803666532,37.55150694374613],[126.76876950497386,37.55148902830312],[126.76855927947351,37.55159729141008],[126.76821759979929,37.55161435629805],[126.76815653350012,37.5516362010183],[126.76813005151162,37.551564349998046],[126.76807910464981,37.55157128660567],[126.76810751389029,37.55164934024246],[126.76807171851814,37.55172922392135],[126.7680490625753,37.551794789284834],[126.76766335983493,37.55186610562914],[126.76755048974222,37.55188727882029],[126.76753045694015,37.55190271893675],[126.76746505374341,37.55195073872524],[126.76752011199602,37.55210233030508],[126.76760406275595,37.55234013268831],[126.76768012999601,37.55255482724199],[126.76763978969069,37.552564883235775],[126.76762434863359,37.55263833651822],[126.76765625110995,37.552729346117424],[126.76771392486918,37.552833073455965],[126.76764219120179,37.552867845353006],[126.7675784642194,37.55289391149267],[126.7675405727184,37.552909603360355],[126.76748342977233,37.55297255881454],[126.76745598395183,37.553041762622485],[126.76739692452094,37.55309852483724],[126.76739035766578,37.55310667558451],[126.76737012367352,37.55313197172024],[126.7674708774786,37.55331321628278],[126.76758517450584,37.55340466664475],[126.76762380563156,37.553435151541024],[126.76762555642522,37.55349822534974],[126.7676252740632,37.55353032611131],[126.76756396208768,37.553572434818555],[126.76740672838707,37.55358197952385],[126.76735013189895,37.55358580550471],[126.7672882917334,37.55362707403644],[126.76728758292184,37.55368394247673],[126.7672948190855,37.55368958829589],[126.76751796526803,37.55385981171705],[126.76754884616754,37.553882686414475],[126.76764145480182,37.55395466166243],[126.7676390894434,37.55408896601937],[126.76760556706412,37.554121552656824],[126.76755234840121,37.55417466802116],[126.76748190114515,37.55419901780039],[126.76745799171451,37.554209106898455],[126.76740685452621,37.55422251874936],[126.76723246962483,37.55417543989605],[126.7672146171374,37.554173430584186],[126.76702429369752,37.55407788968636],[126.76694567432483,37.55405605639068],[126.76688833829131,37.554068043192714],[126.76684291384629,37.55406344753267],[126.76672726268713,37.55406491225472],[126.7666666045495,37.554010444157576],[126.76663298897927,37.55395773224116],[126.76653036297354,37.55381054954642],[126.76642814292667,37.5537585385854],[126.76636535149346,37.55376348583522],[126.76634990697627,37.55395379063125],[126.76633502187428,37.55401936100785],[126.76632451637063,37.55404214443402],[126.7662404568824,37.554174024955834],[126.76620435745129,37.554242374777175],[126.76627928391682,37.55431151362528],[126.76637394668285,37.55457579913035],[126.76640026212998,37.554643705562135],[126.76640233944303,37.55465609757896],[126.76639660528296,37.55479152248112],[126.7663365897548,37.55487079902295],[126.76632543299328,37.55487753319834],[126.76623720897693,37.554926911770515],[126.76616918194787,37.55496619487571],[126.76604868159129,37.55499355108709],[126.76595442928138,37.55499449010789],[126.7656320712069,37.55499074597367],[126.76539318998451,37.55498689102682],[126.7650590634246,37.55501550413481],[126.76478408457302,37.55507464350869],[126.76459277878746,37.55517815350124],[126.76449486146863,37.55527509160209],[126.76448395976817,37.555369394160195],[126.7645592208834,37.555443877417154],[126.76470846535705,37.555499363177006],[126.76505133273368,37.555617736272616],[126.76537861748466,37.55579296730143],[126.7658935534618,37.55607696058041],[126.76597670782844,37.55611822873465],[126.76598394964279,37.556121621320365],[126.76600901470809,37.5561337816134],[126.76604682550752,37.556144271710835],[126.76623180668498,37.55619532137044],[126.76637267149154,37.55621756779271],[126.76662701313002,37.55625834000189],[126.76672461538737,37.556315683706615],[126.76674739995632,37.55638330295144],[126.76674862106837,37.55638696287219],[126.76675179561687,37.55650409887803],[126.7666633030162,37.55658445135127],[126.7665199754786,37.55666835585055],[126.76641757214816,37.556730932169344],[126.7664016298433,37.55674075697158],[126.76627537568604,37.55685087659196],[126.7662843568908,37.556917063408655],[126.7664351165014,37.55694269900872],[126.7665948931928,37.5569692101292],[126.76659648670864,37.55696949234403],[126.76661910796224,37.55697432165089],[126.76670485746537,37.55692099894674],[126.76682977118071,37.55684381804109],[126.76690684692286,37.55679582108035],[126.76700392177315,37.55674364838926],[126.76714135489017,37.556672681064086],[126.76718634631975,37.55664996529528],[126.76723909651915,37.55663177245036],[126.76729200446673,37.55662146122431],[126.76735037302169,37.55661932473745],[126.76750180026463,37.556655374946914],[126.76750024364738,37.55664299388499],[126.7675000826629,37.55664073238713],[126.76754902276926,37.55665406372608],[126.76773613932049,37.5567025843146],[126.7678386656072,37.55671292231741],[126.76798700416214,37.556723352834446],[126.76801865407745,37.55672510869169],[126.76813148496291,37.556718853381334],[126.76818702664951,37.55671614387271],[126.76827258770713,37.556723358307416],[126.76833514651221,37.55673502374958],[126.7684590266752,37.556760603515464],[126.76873561038886,37.5568166134716],[126.76881720817629,37.55690406195841],[126.76887116571393,37.556952316598256],[126.76893954896991,37.55702818922491],[126.76899485923236,37.557096440738505],[126.76905068897024,37.55711484893662],[126.76909786325426,37.55712479803382],[126.76914859219994,37.55713446654312],[126.76924741797735,37.5571405724459],[126.76944049631075,37.55715108714997],[126.76953331232265,37.55715831530781],[126.76970490642752,37.55719524995367],[126.76986730374793,37.55723048367691],[126.76994722334096,37.55723599125653],[126.76996100442322,37.55723714538106],[126.7699843987391,37.55722198146695],[126.7700636566504,37.55721059577414],[126.77034938192261,37.55722411168994],[126.7704217226075,37.55722058567665],[126.77066260048203,37.55721036214192],[126.7706990240709,37.557209308631165],[126.77097955991782,37.55718451156607],[126.77119218185057,37.55716550067981],[126.77137625900028,37.55711095395985],[126.77150174309254,37.55707544754106],[126.77160862378793,37.5570505901328],[126.77195440630705,37.556972705413926],[126.7719940396606,37.556965466887995],[126.77211481997237,37.55696513386649],[126.77224476191095,37.5569741153948],[126.77238107313205,37.55698451686921],[126.77243103157275,37.557012769890015],[126.77247303836576,37.55704016794495],[126.77254464594586,37.55709830390149],[126.77264572428163,37.557179030524146],[126.7726783731207,37.55720217828542],[126.77271136220703,37.55722814536831],[126.77277876171954,37.55727867661831],[126.77292352533757,37.55735609895786],[126.77309267149653,37.55744286672824],[126.77317578525367,37.557499340772395],[126.77317026343307,37.55751397004245],[126.77318418895157,37.55752751259088],[126.77305700807408,37.55765537779402],[126.77300823273364,37.557702017620215],[126.77293573218995,37.55776185591488],[126.77288962211817,37.55780286993301],[126.77283754563166,37.557830366160026],[126.77277247259036,37.55788823660921],[126.77273438017345,37.55791349956221],[126.7726813823417,37.55795394018968],[126.77248235102427,37.55809828036686],[126.77227072009019,37.55825751552588],[126.77217961444723,37.55832378635424],[126.77212909068326,37.55836479211386],[126.7720830089748,37.55840046253671],[126.77204808476753,37.558429107764155],[126.77195733608207,37.55849707337919],[126.77182191078508,37.55859986520044],[126.77177141282112,37.55863186142535],[126.771817694917,37.55864912291245],[126.77191302738272,37.558644244734865],[126.77195212018636,37.558640096296266],[126.77209311029699,37.55862347634867],[126.77213202575268,37.55862242565938],[126.77220326753539,37.55862678895313],[126.77227940878207,37.55865396673535],[126.77237762633527,37.55868653925411],[126.77244613339921,37.55872270307226],[126.77246353726196,37.5587539913416],[126.77254428269033,37.558892954207],[126.77254636941369,37.55890591555805],[126.7725708951171,37.5589800145244],[126.7725320814995,37.55900781622861],[126.77263548794053,37.55919778290237],[126.77265746157458,37.55924005410393],[126.77266535515389,37.559260062127805],[126.77274236108036,37.5594085955906],[126.77289436282815,37.55937820116526],[126.77297152904092,37.55935525994881],[126.77319226571137,37.55928642805747],[126.77324423239224,37.55941041357782],[126.77328303089246,37.55950283937903],[126.77333112625028,37.55956402969427],[126.7733599159739,37.55957224709265],[126.77339883398217,37.55962976101697],[126.77341960564269,37.55965823613225],[126.77349727229918,37.55976453996854],[126.7735029431667,37.559816915666],[126.77358153952827,37.55996742564134],[126.77360122684287,37.56000660184997],[126.77359839164701,37.560008002649845],[126.77359098629687,37.56005725344731],[126.77362389863339,37.5600500016377],[126.77378623487003,37.55999738154597],[126.77383339024802,37.559958622021234],[126.77388017596355,37.559925762035945],[126.77397624189517,37.55985499557027],[126.77401469863267,37.559826075529415],[126.77412423555931,37.55974293730347],[126.77418699130729,37.559695476363586],[126.77428901854638,37.55975593112906],[126.77429093067006,37.55976747643205],[126.7742718527611,37.55981812053137],[126.7742606333804,37.559845128036464],[126.77425008549027,37.559882273677665],[126.7742425233932,37.559923649494266],[126.77424398064797,37.55996954893934],[126.77425024932916,37.56005909254507],[126.77424402296155,37.560070910196934],[126.7742106738473,37.56010716418271],[126.77416524424757,37.56015916297742],[126.7742514628088,37.56024097743732],[126.77436079826161,37.56034424168964],[126.7743935796795,37.56038006596289],[126.77440835626999,37.5604079698774],[126.77444840403444,37.56043619358863],[126.77455036030148,37.560408802927086],[126.77468428159733,37.56044735226247],[126.77474563765499,37.56045084789903],[126.7748085813953,37.560456878919005],[126.77480713159622,37.560468138397574],[126.77478232979034,37.560540738450214],[126.77475300412293,37.560589109785305],[126.77469304338315,37.56064868397279],[126.77466763296918,37.560690306645775],[126.77466316560033,37.560703811932285],[126.77468679823858,37.56072638276344],[126.77479608530422,37.560785437038625],[126.7748853886392,37.5608444520967],[126.7749331463981,37.56090198019377],[126.77494120213966,37.560985059107225],[126.77494722476808,37.56104025632355],[126.77487819742744,37.56111867970277],[126.77484273868589,37.56120758462444],[126.77477095185608,37.561258965134485],[126.77467934015623,37.561319327411624],[126.7747275347024,37.56134842297652],[126.77494401225113,37.56134208049633],[126.77504092656477,37.56134367249081],[126.77510908108441,37.56137759025479],[126.77515174635685,37.561361056640386],[126.77517529028847,37.56135266036896],[126.77524700255464,37.56138208000014],[126.77541526580644,37.56141308959529],[126.77545941472965,37.56143316700168],[126.77547455422798,37.56145712690071],[126.77549033683913,37.56150024143848],[126.77549549724215,37.5615486804451],[126.77552320987654,37.56168528579064],[126.77553479816572,37.561828339869145],[126.7756355701432,37.56189751252915],[126.77572956067091,37.56193007393465],[126.77575852334843,37.56194139181235],[126.77579670476325,37.56188712596928],[126.77588636793583,37.56177044802683],[126.77610890964422,37.56186350405337],[126.7761554184026,37.5618064350598],[126.77622198988517,37.56172434574854],[126.77631517495693,37.56161077476332],[126.77633912865723,37.561582944007576],[126.77642307217009,37.56148596827435],[126.77652705718089,37.56136763203399],[126.77666864667941,37.561213608436155],[126.7767880261874,37.561089949661145],[126.77686536989222,37.561012385341535],[126.77691569468821,37.56097644198005],[126.77695723144419,37.56092809427889],[126.77700477694555,37.56087553082783],[126.77708934476644,37.56080445926174],[126.77718160675487,37.560703273670065],[126.77722908445452,37.5606169221587],[126.7772376376921,37.56059554076857],[126.77730788526405,37.560403935130395],[126.77734811249705,37.5603158860312],[126.77739332208945,37.56027936486598],[126.77741404563523,37.5602684197168],[126.77746629082,37.56024177852244],[126.77751567723551,37.5602283571246],[126.77754897573303,37.56020899429151],[126.7776054874045,37.56017784769233],[126.77768260311097,37.560111544307915],[126.77770888498985,37.560077239781634],[126.77778722034236,37.55996195494028],[126.77784212060659,37.55993305501601],[126.77791195342029,37.560061019625735],[126.77793607489487,37.56015482190121],[126.77793374614177,37.56022154601624],[126.77793002116,37.56028658038274],[126.77788628917752,37.56047992196868],[126.77786023555448,37.56062009233062],[126.77783305738538,37.56077630815116],[126.77781210693549,37.56080695721801],[126.77777408704705,37.560864601439135],[126.77772634720091,37.560921102969715],[126.77770221775395,37.560947528446945],[126.77764364661932,37.56119378339259],[126.77761464886797,37.56131113538432],[126.77757392687002,37.56150364472648],[126.77753996017228,37.561685750552805],[126.77752454545916,37.56193124019118],[126.77752197281717,37.56196220191078],[126.77752062574146,37.56199993226994],[126.77751416712573,37.56220658061948],[126.7775095269696,37.56228231714508],[126.77748953789032,37.5622825590035],[126.77743630718959,37.56228329663181],[126.77724353708365,37.56228630811631],[126.77701150317026,37.56228896661502],[126.77698214381252,37.56228919941554],[126.77694871883169,37.56222972498894],[126.77691411149637,37.56226963480886],[126.77681015929932,37.56231701976982],[126.77672250060515,37.562357684456884],[126.77663225571308,37.562374127364286],[126.77661815698993,37.562478830929685],[126.77660854369867,37.5626153750862],[126.77669141286228,37.56263918427743],[126.77669545715537,37.56264932710784],[126.77673010464174,37.56276877582519],[126.77672271637188,37.562934029120136],[126.77671963168994,37.563079316381824],[126.77673073813057,37.5631494439],[126.77673297683377,37.56316943130451],[126.77674167281867,37.56321703755044],[126.77674147015742,37.56322463254931],[126.77674301902964,37.563239843871216],[126.77684202901371,37.56348245292242],[126.77684714091018,37.56349147231237],[126.77690510548109,37.56356197649879],[126.77694487321088,37.5636315995728],[126.77696996658497,37.563695833328715],[126.77700990737574,37.56370351353632],[126.77704386560268,37.56370273180395],[126.77710164045676,37.56371945590521],[126.77703491838155,37.56379873302846],[126.77700847165075,37.56382768577109],[126.77683738953246,37.56402866775147],[126.77673696094246,37.564137440466],[126.7766883547383,37.56418775107834],[126.77664577139782,37.56423384439325],[126.77663600521265,37.56424452150323],[126.77660709541036,37.56427544229057],[126.7764804158224,37.564411753678584],[126.77639311878617,37.5645050642045],[126.77638567328603,37.56451180776158],[126.77634026880156,37.56455479742333],[126.77630193765354,37.564598648475624],[126.77617046107575,37.56473749208266],[126.7761069499078,37.56480606955281],[126.77608555942113,37.56486121576492],[126.77603442094556,37.564985562337135],[126.77599951262631,37.56512543635202],[126.77594285692702,37.565205848422515],[126.77590121189267,37.56523307874715],[126.77575141927099,37.565350199194185],[126.7755701496231,37.56535042052174],[126.77551744693154,37.56534722046205],[126.77534290049691,37.565343507988224],[126.77542963306124,37.56543799756757],[126.77553194879604,37.56552266106338],[126.77557376185148,37.56555596964235],[126.77557542817709,37.56559200257849],[126.77543798865211,37.56577447885133],[126.77522288729864,37.56584895524666],[126.77513206254872,37.565879479573475],[126.77510254637906,37.56616632416717],[126.7750935751313,37.566209670169805],[126.77509321105772,37.56621079625689],[126.77508818660682,37.56623640160038],[126.77506434747697,37.566398253963946],[126.7750464660588,37.566520420005304],[126.77502446320992,37.56666200407898],[126.77502066772215,37.56668958478996],[126.77501399432724,37.566733217209325],[126.77500006952954,37.56683455034565],[126.77498921918801,37.5669116723068],[126.77494088941597,37.566985631323114],[126.77488063466596,37.567084066201794],[126.77483976368464,37.56715071406073],[126.77475244108605,37.567309625943444],[126.77476167330704,37.56753207881118],[126.7747630076674,37.56761428730501],[126.77476510944209,37.56768271198339],[126.77475890111107,37.56768861857876],[126.77477443255796,37.56769934475935],[126.77476219052699,37.56770832969046],[126.77489171797518,37.56780458769528],[126.77494201680067,37.567842696807105],[126.77515581897013,37.56802415128284],[126.77523573359187,37.568091032508214],[126.77538216152405,37.568212945198106],[126.7754027124096,37.568199749324286],[126.77546401256589,37.56822351721048],[126.77553057958391,37.56826108996132],[126.77553233172424,37.56803388211605],[126.7755340615447,37.56792942581167],[126.77554238042188,37.56786580504034],[126.77555956968082,37.567739987871235],[126.77554236382348,37.56769490562489],[126.7755113188031,37.56761150531359],[126.77550537184884,37.56759093290823],[126.77548832200009,37.567554581668745],[126.77540166366208,37.56731847465884],[126.77549165237467,37.567272470870634],[126.77561740051883,37.56721076889553],[126.77581638500266,37.56720467128968],[126.7759021768434,37.56720314224086],[126.77624484288974,37.56711426420433],[126.77633351558806,37.56709191016756],[126.77634098562912,37.56696071404762],[126.7763420935293,37.56694213734859],[126.77638210146755,37.56687210695479],[126.77638741575258,37.56692673527168],[126.776394786671,37.56700502750884],[126.77640789196694,37.566941136178706],[126.77649550831349,37.56679967671255],[126.77659978691473,37.56623254275457],[126.7765821070862,37.56623250868494],[126.77654937285513,37.56623638402608],[126.77657116567075,37.56610662896859],[126.77663868912313,37.566059455670775],[126.77672255252834,37.56605116517154],[126.77674938638997,37.56606332467],[126.77687805804389,37.5661505695998],[126.77691529858393,37.56617626391171],[126.77696400766148,37.56620873842493],[126.77694667892536,37.56620870435962],[126.7769923478222,37.56637152746088],[126.77703236010771,37.56641722174181],[126.77713118579773,37.56654889939907],[126.77719672979663,37.56662926530042],[126.77728446700905,37.566684618252445],[126.77731093229609,37.56670634603052],[126.77758500588303,37.56684341893282],[126.77780845739194,37.56699391064974],[126.7781835185907,37.567071204663115],[126.77846155069841,37.567126357430965],[126.77866834341171,37.56717404908097],[126.7787637288428,37.567150857870054],[126.77894008075386,37.56714668577317],[126.77900336255647,37.56715468886659],[126.77904025713525,37.56724064031368],[126.77907995788536,37.56733052418122],[126.77905788553338,37.56743662996939],[126.77902133435705,37.56759367435905],[126.77900920573508,37.56786563277437],[126.77901333780883,37.56790759904455],[126.77901785287747,37.56799178650417],[126.77906037453737,37.56820585974552],[126.77917058935508,37.56831671778775],[126.7792107269969,37.56831651395352],[126.77942856969187,37.56815811603994],[126.77970610816698,37.567962393455126],[126.77978713884325,37.56789469225203],[126.7800041015191,37.56766957435997],[126.7801195515826,37.56756363569441],[126.78023981786578,37.567445048461664],[126.78031834509194,37.56750403990564],[126.78043067343683,37.567614909672486],[126.78051705266294,37.56782876671949],[126.78054251498077,37.567891604600696],[126.78046204312729,37.567954523024454],[126.7804685897579,37.568129946964305],[126.78047431659729,37.568287063529525],[126.78065336814896,37.56844563851236],[126.78093361214925,37.56871363877818],[126.78111674300885,37.56880717918512],[126.78123966759158,37.56886540391334],[126.78136064290707,37.56892504094177],[126.78148672865747,37.56887093871431],[126.78162583048731,37.56890160521999],[126.78181528237613,37.56913227613134],[126.78189827676917,37.569236036555694],[126.78182984754541,37.5693530378965],[126.78180374347,37.56938846883472],[126.7814288556463,37.56948547383745],[126.78117920911819,37.56957651218851],[126.78112412597018,37.569601466377094],[126.78107778028712,37.56966416995252],[126.78099608967375,37.56989742496786],[126.78091158105028,37.569946543207465],[126.78075545756292,37.57004873759713],[126.780615743177,37.570167010929445],[126.78048471875236,37.57027488508547],[126.78045811239697,37.57036127475235],[126.78048449125622,37.57041340987566],[126.7805070318105,37.570442734550795],[126.78052094940477,37.57046388010682],[126.78056261103771,37.57049268095235],[126.78093779643679,37.57035400854967],[126.78108499728242,37.57027657332675],[126.78118754127775,37.57022974276183],[126.78131574764373,37.57017507656185],[126.7814872984936,37.57018159520094],[126.78167114543523,37.57021347141556],[126.78182138636006,37.57024500591826],[126.78195276634227,37.57025819850889],[126.78239373763189,37.570301256364615],[126.78258459791594,37.57047448145473],[126.78259255330516,37.570479002380736],[126.78263019404551,37.57054749270113],[126.78261739354653,37.570569425727115],[126.78256175173274,37.57060705554669],[126.78250472572032,37.57063313239009],[126.7822893542733,37.57079378502636],[126.7822318311185,37.57086998185923],[126.78220858265784,37.57089640146055],[126.78208788983186,37.57097923765057],[126.78192035859777,37.57111435289371],[126.78175749482014,37.57116332680476],[126.7816932479229,37.571177847789826],[126.78160119795085,37.57120470626201],[126.78148768222341,37.571251516055575],[126.7814862655326,37.57125207131885],[126.78137491047887,37.571349567425855],[126.78137937834708,37.571393498512805],[126.78142355262331,37.5714687587504],[126.78145052384087,37.57149639764991],[126.78148777127089,37.57152181328929],[126.78172113151673,37.57168160341357],[126.78173560737301,37.57168951547916],[126.78174185284595,37.5716712274601],[126.7818584728339,37.571770272631085],[126.78189957591147,37.57180835364456],[126.78193435547223,37.571887543901134],[126.78198635084135,37.57200927389244],[126.7820187491967,37.57212110881283],[126.7820726940958,37.572300280614506],[126.78214310156575,37.572539730403435],[126.78218146824844,37.57266622849023],[126.78215460166025,37.57271798608135],[126.78212157839401,37.572761568664504],[126.78211353503177,37.57284798463709],[126.78210842561569,37.57290344928786],[126.7821007959673,37.57297297320252],[126.78211385719275,37.57304310266163],[126.7821398403138,37.57316900996849],[126.78217324708864,37.573234115001],[126.78218999221244,37.573256668833466],[126.78230620137991,37.57343398335633],[126.78234576751161,37.57351486672706],[126.78235595956413,37.573536562649295],[126.78240829132187,37.57360620792827],[126.78244345045323,37.57361810316495],[126.78256996203872,37.57366056610118],[126.78267474350919,37.57369820642864],[126.78272122484432,37.57371322196802],[126.78275231747207,37.57372565849008],[126.7827772319627,37.57373387646023],[126.78288074317867,37.57377995617197],[126.78329392003737,37.57396345739797],[126.7836298329546,37.57407500740845],[126.78381272156606,37.57413616024894],[126.78388340244592,37.57416022219182],[126.78395267343681,37.57418203650098],[126.78399436582647,37.5741981601652],[126.78414295957072,37.57431584074051],[126.78425153283725,37.574385588042986],[126.78440145012688,37.57446948332911],[126.78453909023929,37.574520417645125],[126.7846656061124,37.57456654664961],[126.78471400983422,37.57458633940325],[126.78495653487238,37.57470278695154],[126.78500562252154,37.57472906814019],[126.7852491515602,37.574861842500006],[126.7856704728467,37.5749856513516],[126.78588288197396,37.57505277582192],[126.78622484760159,37.575157293578805],[126.7862858023573,37.57517852260778],[126.786454757298,37.57522922372244],[126.78686898542605,37.57536006123319],[126.78708404614298,37.57542717921038],[126.78728657900113,37.57548583218811],[126.78752129431487,37.57555242438138],[126.78755893849704,37.57556346773814],[126.78756811980635,37.5755668723568],[126.7876142355346,37.57558356057093],[126.78776461594433,37.5757614995368],[126.78783790916539,37.57585876725364],[126.7879025849353,37.57600811404205],[126.7879060354432,37.576036276332744],[126.78791518530008,37.576114849182645],[126.7880457464112,37.576168856515814],[126.78814267154586,37.576168752841106],[126.78833740268378,37.5760502814363],[126.78834929653014,37.57603595012299],[126.78844319170885,37.57592320866423],[126.78855056138865,37.57579727419149],[126.78859527695253,37.57574553800639],[126.7886333480238,37.57573266053171],[126.78899820983656,37.57562266744349],[126.78917312276268,37.57556920270837],[126.78920209161099,37.57558107626447],[126.7891079022054,37.57573801971626],[126.789060814457,37.57581254535323],[126.78905160662661,37.575817881196],[126.78892380198737,37.57603586058019],[126.78887955723572,37.57610983222775],[126.78883760312152,37.576181835530214],[126.78870909437083,37.57640009373961],[126.7886707081204,37.57646365193826],[126.78853333613009,37.576689776788214],[126.78848783120053,37.57676825231809],[126.78847023333368,37.576798348513805],[126.78868675937254,37.577040589454334],[126.78887723862897,37.57723605101526],[126.78889893512373,37.57725693051164],[126.78892344933585,37.577283157760306],[126.78915552889873,37.577527408186185],[126.78934282642896,37.57772342086735],[126.7893686910986,37.57770882698068],[126.78940160152304,37.57770382084942],[126.78950388747424,37.57769021177975],[126.78990962651648,37.57763884532523],[126.78995509958796,37.577631610655445],[126.78998552133281,37.577446682348906],[126.78999777351672,37.57736504983056],[126.7900163959061,37.5773495941922],[126.79022250579332,37.57752256521692],[126.79030265673123,37.57757817314491],[126.79034449417699,37.57760725106036],[126.79044316108593,37.57768063275734],[126.79056814433325,37.5777715138081],[126.79059481531604,37.57778367083387],[126.79058625332479,37.577808710915825],[126.79060838596462,37.577925320153135],[126.79063491857309,37.5780551639534],[126.7907202148059,37.578478498866424],[126.79072160916424,37.57848526011891],[126.79072457025931,37.578503564309415],[126.79073261913045,37.57853568043505],[126.79073816210897,37.5785731353909],[126.79080166265041,37.57888971866288],[126.79081770870847,37.578972241937045],[126.79081853825154,37.57899111040643],[126.79068580476115,37.57901424528321],[126.79070032272008,37.579072834686755],[126.79076152702909,37.579260456460595],[126.79077854492203,37.57931172596006],[126.79078029802474,37.579316522643616],[126.7907945614212,37.579401015130536],[126.7908214032104,37.57954156299028],[126.79081945878252,37.579669382230755],[126.79081648915144,37.5797186512841],[126.79081347272815,37.579780869067505],[126.7908075867246,37.5798650451902],[126.79078744039022,37.58004380182816],[126.79075879987862,37.580288142587264],[126.79074793322306,37.58037990700304],[126.79072343226792,37.58053725601295],[126.79072781774227,37.58061243206308],[126.79074909315999,37.580659492221855],[126.79081813570816,37.58076548070467],[126.79094034356794,37.580774150525016],[126.79100913143073,37.58078187881967],[126.79104802607453,37.580787569190846],[126.79118217855348,37.58082864121517],[126.79121901751125,37.58087318822015],[126.79126028483337,37.580920563075466],[126.79129786887307,37.58101354926002],[126.79132700806798,37.581219700815026],[126.79134243426178,37.58133403605704],[126.79134893427405,37.5814137320037],[126.79155098580017,37.581336380498],[126.79160091973887,37.58131760270293],[126.79163003607991,37.581216861758456],[126.79167286702956,37.58108319627819],[126.79167377122141,37.581075313359726],[126.79178352175842,37.58086011985915],[126.7918068248425,37.580814264774595],[126.79182904487213,37.58077488704454],[126.79184165573311,37.58075463531963],[126.79187738978798,37.58069247736299],[126.79190334283692,37.58064634933536],[126.79200965559542,37.58045760899183],[126.79209924903483,37.580300653939275],[126.7921337331714,37.58023934110744],[126.7921538130833,37.58020868987731],[126.79217566257655,37.58017606657828],[126.79220200387216,37.580177238974485],[126.79224059362582,37.58010550976858],[126.79227064329923,37.58005178248466],[126.7922743920657,37.580038842195435],[126.79228813049198,37.579996349282474],[126.79230294607414,37.579948795007304],[126.79233459089696,37.57983059571878],[126.79237397039743,37.579727611033526],[126.79238540152745,37.5796876546878],[126.7924063129646,37.57961082039098],[126.79241878821935,37.57951370605575],[126.79242531892365,37.57945740615666],[126.79243620758204,37.579421954886286],[126.79246932734482,37.57927757534255],[126.79248862862852,37.57914442698246],[126.79249292892507,37.579063624016925],[126.7925020079834,37.578914419282256],[126.79251034043133,37.5787804129754],[126.79251825315835,37.57867118266076],[126.79252032965503,37.57862501039454],[126.79252307333265,37.57859094943971],[126.79253703452925,37.57840739782877],[126.7925722367362,37.5782796282041],[126.79262584043298,37.57808883179293],[126.7926435246245,37.57802382134182],[126.79266267840592,37.577882228056154],[126.79270074453714,37.57761284834248],[126.79270274909676,37.57759202133601],[126.7927242571876,37.57743016040189],[126.79272692144589,37.57736399652838],[126.79272632205222,37.5773234509236],[126.79272819676402,37.57728375799432],[126.79273409566339,37.57707344137513],[126.7927354559961,37.57702754756919],[126.79273704810315,37.57683891116528],[126.79275049807976,37.57683836790044],[126.79279966388138,37.57683789612945],[126.79297649691428,37.576855660732086],[126.79310381272276,37.576869400851045],[126.79316976218564,37.57688331032342],[126.79321925896552,37.5768938226555],[126.79321561947238,37.57692872932913],[126.79320747454597,37.57699516132707],[126.79320346507171,37.57703710583032],[126.7931987507429,37.57707961494981],[126.79318898903935,37.57715364999768],[126.7931777081076,37.57726540623481],[126.79317496909242,37.577298061103114],[126.79317203018248,37.57740194978059],[126.79316654291361,37.57752695048464],[126.79316340437455,37.577637037405296],[126.79316034560968,37.57772318303681],[126.79315405528021,37.57788450306998],[126.79315384989486,37.57795799678396],[126.79315725339664,37.57806922038474],[126.7931621561911,37.57815031780739],[126.79316917934938,37.578234229199694],[126.79317189258607,37.57827618259049],[126.79318845757021,37.578425164662576],[126.7932544832981,37.5785336775136],[126.79323447774287,37.57854237250472],[126.79310236080472,37.5785970369345],[126.79306686542164,37.578639212612934],[126.79307676386567,37.578772125559325],[126.79307415059921,37.57881998132675],[126.7930724713829,37.57884953923411],[126.79306756638312,37.579025509849885],[126.79304866857096,37.579139785687985],[126.79304337855119,37.579198340897904],[126.79302393336445,37.57931881234099],[126.79296049230345,37.5795501464329],[126.79294798702423,37.5795968580784],[126.79293725452047,37.57963738255084],[126.79291383267483,37.57972631416805],[126.79289115229082,37.579805398452145],[126.79287237231671,37.579878002432835],[126.79285773801439,37.58005113710517],[126.7928502856563,37.58012517491728],[126.79284645108558,37.58016824490299],[126.79286030774193,37.5802088143458],[126.79286452031903,37.58022064156852],[126.79294040114247,37.58022219033313],[126.79310507882599,37.58022557246567],[126.7932260308104,37.58023789517693],[126.79331021004272,37.580247053858386],[126.79329161994013,37.580316567295355],[126.79332807062784,37.58043967020667],[126.79335189886986,37.58052192614218],[126.79336433854907,37.580563619214104],[126.79338075729846,37.58063966380377],[126.7934171295525,37.58079121079748],[126.79343483081784,37.5808492473256],[126.79352655139905,37.58113575061876],[126.79352847236426,37.581145044495806],[126.793543377517,37.58119124578078],[126.7935681621339,37.58124732219814],[126.79366562326965,37.581504553635405],[126.79369544519771,37.5815938578898],[126.79371562234215,37.58165386160346],[126.79372262594273,37.581679497856065],[126.79374014267215,37.581743723864165],[126.79382233806204,37.581827778503715],[126.79382316147557,37.581911119091025],[126.79382504978535,37.581997276672745],[126.79386075778552,37.582135586100755],[126.79389085067493,37.582253046028235],[126.79389418667797,37.58238932654439],[126.79389501962426,37.582407626718734],[126.79389561865437,37.58251378048153],[126.79389734110134,37.58259064808222],[126.79389209879223,37.58263175009466],[126.79389027799579,37.58271254754616],[126.79389577081227,37.582777319940995],[126.79391224084551,37.58296148218324],[126.7938877522822,37.582985658678],[126.79388402999328,37.58298958800887],[126.7937317669721,37.583038594924155],[126.7937355867394,37.58312700638554],[126.79373740401651,37.583173185435136],[126.79374199798845,37.58330074671714],[126.79374618804931,37.58345137976423],[126.79374953076429,37.58345814328231],[126.79373104625633,37.583550749719855],[126.79370469224726,37.583676274069774],[126.7936738546884,37.58382628821035],[126.79364407199395,37.58391352154677],[126.79361732037394,37.58399118476458],[126.79361286887188,37.58399934078648],[126.79358291084466,37.5840857275023],[126.79355667840399,37.58416761717329],[126.79350494161773,37.5843246303789],[126.79345177839495,37.584486992202216],[126.79344106521022,37.58451964496463],[126.79347734496487,37.584514636427485],[126.79373306689877,37.58448129946802],[126.7937833339869,37.58446927892867],[126.7939052761264,37.58438446625344],[126.79395402465066,37.58434936072512],[126.79401641310507,37.584306105685776],[126.79409333102872,37.584253027981006],[126.79414359176853,37.58418272297525],[126.79421800287429,37.584078393111035],[126.79422456531546,37.5840716470233],[126.79427077422156,37.583992333528464],[126.79433727176112,37.58387109802624],[126.79440857593964,37.58374030021595],[126.79446528152702,37.5836395975395],[126.7945038568765,37.58363770129877],[126.79450848845718,37.58362532075497],[126.79454090199242,37.58354794752681],[126.79454223776841,37.58351078419326],[126.79454451171229,37.583454197455545],[126.79454598447073,37.583372264099054],[126.79454823049517,37.58332581392511],[126.79455024773789,37.58330075041498],[126.79454005341961,37.58321204891985],[126.79452207985395,37.58305885131279],[126.79451462429577,37.58300393163404],[126.79450797937709,37.58297914257904],[126.79448359321954,37.582905615813026],[126.79443850060754,37.58277094792673],[126.79440936863303,37.58268530362371],[126.79442655627761,37.5826768903211],[126.79442909342531,37.58265577656549],[126.794472350441,37.58262009170018],[126.79450071269811,37.5825984649907],[126.79458971837919,37.58259158445802],[126.79462806536371,37.582602624264894],[126.79469788774547,37.58262218223671],[126.7947079365212,37.58263627229816],[126.79470934038817,37.58263965354611],[126.7947486129902,37.58276698575789],[126.79480908104517,37.582967281515955],[126.7948695462021,37.58317348783877],[126.79488126300134,37.583223063111774],[126.79490676967646,37.58333798236744],[126.79492828640701,37.583426146318885],[126.79493848632062,37.58357792539556],[126.79494629603096,37.58375841423066],[126.79493973302682,37.58382738303093],[126.79492827490931,37.58394224760477],[126.79491666957678,37.5840444258033],[126.79491138488105,37.5841015754983],[126.7949006399178,37.584212206107544],[126.79488916407074,37.58433326064784],[126.79488720536182,37.58433776277935],[126.79488277094976,37.58440560716241],[126.79488191206626,37.58445825955656],[126.79487616787992,37.584619299457486],[126.79487099469992,37.58476260101212],[126.79487269858772,37.584785407555195],[126.79488560652038,37.58497717921075],[126.79488771271829,37.5849856247638],[126.79488747708494,37.58500532852876],[126.79488655192219,37.585020814714774],[126.79492313443902,37.585163064082714],[126.79493310026275,37.58520306538443],[126.79496266432332,37.58519776541638],[126.79505362442487,37.58518525737217],[126.79508615889259,37.58519066692568],[126.79524424458269,37.5852154404348],[126.7952473477,37.58524331378803],[126.79523716647063,37.58528186620122],[126.79522357092034,37.585334497004965],[126.79521751443929,37.585349972908915],[126.79523151325648,37.58534043028841],[126.795449103031,37.58520987809285],[126.7955403627031,37.58515457230383],[126.7955454893067,37.58502759780961],[126.79554570723457,37.58501408237034],[126.79554678086751,37.58501099538655],[126.79555099314666,37.58489162045515],[126.79555324604621,37.584846288180515],[126.79555550479688,37.58479505302513],[126.79557117224627,37.58469681980606],[126.79558538204923,37.584609556316416],[126.79559404180308,37.58454903462238],[126.79559753866548,37.58449977412409],[126.79560753527076,37.58434014753821],[126.79560860748185,37.58433310179555],[126.79561601923243,37.58421486215871],[126.79562416781238,37.58408085463283],[126.795628611628,37.584008783607665],[126.79563059271698,37.58399639820593],[126.79564332842276,37.58386915716356],[126.79565996006721,37.583610152495645],[126.7956799168565,37.58336410951049],[126.79572179722138,37.58312063825856],[126.79581130718077,37.58318554764685],[126.79584819721568,37.58321686723584],[126.79608084369225,37.583467575256726],[126.79616512658333,37.58356401977888],[126.79626982110511,37.58370694501017],[126.79629980514127,37.583738250790105],[126.79632610878457,37.58375744382047],[126.7965405554407,37.58387043901046],[126.79664139222773,37.583934250642336],[126.79670890300775,37.58395435973871],[126.79687159772185,37.584039668645005],[126.79693142681397,37.58409185736279],[126.79696303290805,37.5841130326027],[126.79702284987157,37.58416578893799],[126.79703502265367,37.58418100931834],[126.79702262817165,37.584184365574835],[126.79703707716892,37.58420438400909],[126.79705278310468,37.58421989939502],[126.79709739108675,37.58427318896546],[126.79693162020178,37.58440579737874],[126.79689439230042,37.584435572123],[126.79677259474724,37.58453475820755],[126.79668419950606,37.58457880762596],[126.79655705778987,37.584689525963206],[126.79641699041196,37.58480386895093],[126.79636664582051,37.584844045901065],[126.79629430761753,37.5849033320216],[126.79636416953892,37.58497073916871],[126.79642892336494,37.58503082987968],[126.79657775042178,37.58495168371359],[126.796628754234,37.58493122072812],[126.79668524307449,37.58490851560798],[126.7969320755319,37.58514545136866],[126.79703635629689,37.585245578123285],[126.7970945476284,37.58531325421367],[126.79715606317599,37.58539361080448],[126.79718669594757,37.58538352664453],[126.79719622330721,37.58539368049363],[126.79722756207264,37.58538556174694],[126.7972494053575,37.58541713403671],[126.79727336142805,37.585454350601005],[126.79729151003741,37.58547971795402],[126.79735629318208,37.58559976830309],[126.79739166831689,37.58566374466647],[126.79743070361283,37.585751659237374],[126.7974786901983,37.58586183369382],[126.79750383799374,37.585919313707265],[126.79752596210857,37.58597679057311],[126.79755635262892,37.5861874474737],[126.79757587456358,37.58629475243432],[126.79759856756051,37.58640544196715],[126.79760721530975,37.5864144671784],[126.79763292566336,37.5864564708994],[126.79763732820611,37.58646548680074],[126.79767062606759,37.58651509997515],[126.79771923919408,37.586591198487454],[126.79777226082612,37.586674072774315],[126.7978043426251,37.58671664634056],[126.79788188906838,37.58682405106729],[126.79793013952523,37.58690465456284],[126.79797563415023,37.58696189130461],[126.79802903440387,37.58703490881396],[126.7980863251812,37.58710906015087],[126.79815591576366,37.587215324820086],[126.79825916637091,37.58736726401134],[126.79838765831771,37.58754317715803],[126.7985002953968,37.5876911862249],[126.79852109537197,37.58771965703042],[126.79856494638618,37.58779434275258],[126.79860355276091,37.58784593742168],[126.79863843380737,37.587896118108375],[126.79869889247888,37.58798068930636],[126.79870893998859,37.58799168067134],[126.79876815919143,37.58807287161152],[126.7988114194686,37.58810335395043],[126.79885557591781,37.58813271107646],[126.79896267310738,37.588169501874106],[126.79902194393051,37.58816960303355],[126.79905472395163,37.58814826115175],[126.7990647967576,37.588153909207655],[126.79907081966132,37.58814969465754],[126.7991271592335,37.58818695680601],[126.7991400447525,37.58819514171076],[126.79924119291016,37.58814688783261],[126.79932072462033,37.588111551918445],[126.79937935264104,37.58808574833177],[126.79938944158562,37.58808097366081],[126.79944893107205,37.58806334350834],[126.79950893244957,37.58805246317884],[126.79957512416802,37.58804413475601],[126.799697051513,37.58803166662894],[126.7998071115529,37.58802031351026],[126.79997753523513,37.58799835858538],[126.80003894453968,37.587990300809935],[126.80008744140325,37.587980246474075],[126.80015115824477,37.58796909407912],[126.80022834680196,37.587950926471095],[126.80027224463984,37.5879414235314],[126.80030995723668,37.58792881912553],[126.80032767062967,37.58792293924578],[126.80037710405863,37.58789317472084],[126.80039942848313,37.58788139119129],[126.80044196334015,37.58784880428296],[126.80048544396249,37.58780128743697],[126.80049801954424,37.58779399295054],[126.80051921050259,37.58780810178357],[126.80053933226985,37.5878244719199],[126.80056988839975,37.58784169717499],[126.80059304670887,37.58784821428189],[126.80061762861304,37.58785220151161],[126.80066133884003,37.58784973460046],[126.8007016888126,37.58784192138901],[126.80073815333117,37.587834946651256],[126.80073902317147,37.58783973244953],[126.80079873066781,37.58793922925789],[126.80082444805684,37.587979249649216],[126.80094034966204,37.58816612163926],[126.80093680943764,37.58816892724849],[126.80093342679906,37.58817624542145],[126.80094081908003,37.58818977348261],[126.80090501711767,37.588215328504475],[126.8008217027596,37.58827656968913],[126.80086459677788,37.588312682457634],[126.80091760239365,37.58840287033333],[126.8009568825556,37.5884688173116],[126.80099917725512,37.588529706063646],[126.80095527816364,37.58854005481681],[126.80093278868965,37.58854508130471],[126.80090021755423,37.58855262874267],[126.80088175702456,37.58857540267724],[126.80087334266305,37.58861452661497],[126.80084111560896,37.58875497138614],[126.8008398290282,37.58877411494898],[126.80083418360039,37.58883154386184],[126.80082597614262,37.588860811760696],[126.80079328344718,37.588977036408046],[126.80078721328161,37.58899842532593],[126.80078135808196,37.58900348650916],[126.80077364692708,37.589041477480336],[126.80078266776329,37.58904261963102],[126.80086233667198,37.589023608653854],[126.80094004779355,37.58900488309836],[126.80109866036146,37.5889671404502],[126.8011177921154,37.5890234843428],[126.80112592700942,37.58902518180565],[126.80114272835507,37.589093352378946],[126.80114739087226,37.589136436589875],[126.80115987623313,37.58916320785355],[126.80116566307323,37.589183201443],[126.80118509776769,37.58925728721198],[126.80119651205021,37.58929081269768],[126.80121025314752,37.58931363979465],[126.80122731082561,37.58934886228644],[126.80120763197722,37.5893657305444],[126.80116437413764,37.58939831728853],[126.80110765539504,37.58943791990868],[126.80109026312437,37.58945984749335],[126.80102848007314,37.58953857735464],[126.80100487928169,37.589570072356885],[126.80097035660177,37.58964209192988],[126.8009641308112,37.58965447042749],[126.80096175255825,37.5896837475491],[126.80095937799157,37.58971218684195],[126.80091618068775,37.5897256298212],[126.80088040107519,37.58973851597785],[126.80086373561076,37.58975538057043],[126.80082098935432,37.589794726381385],[126.80079805665903,37.58983467311836],[126.80075388742608,37.58988105215856],[126.80070577148052,37.5899471393674],[126.80068712473081,37.58997159556385],[126.80066352140365,37.58999971102116],[126.80064750486424,37.59003121842776],[126.80062777659734,37.59006722371931],[126.8006028483797,37.59012461921669],[126.80059450997103,37.590134462821744],[126.8005202764066,37.59030890147594],[126.80038028611995,37.590324708840654],[126.800322787025,37.59032658502932],[126.80022635513254,37.5903300788123],[126.80017062031712,37.59033195658482],[126.80014107685288,37.590333032408],[126.80008707585469,37.590351526691634],[126.80004184674027,37.59039170469236],[126.80002444711158,37.59041561529474],[126.80000046340508,37.590450199556685],[126.79998413654565,37.5904707326562],[126.7999566114882,37.59050925630196],[126.79994117356246,37.59052780814278],[126.79989662646136,37.59058010622703],[126.79975302894184,37.590753579481984],[126.79966821312847,37.59084944332828],[126.79953932840907,37.59101252525658],[126.79946616539041,37.5911120763208],[126.79944965198138,37.59113485222169],[126.79938258249568,37.59114064804432],[126.79938255095942,37.591152197866165],[126.7993338744665,37.59116112416267],[126.79926749438091,37.59117648859703],[126.79914592470297,37.591188670657374],[126.79909371225772,37.59119365287086],[126.79901473251569,37.591220267344134],[126.79892280027777,37.591263465007245],[126.79890526558448,37.591270760668536],[126.79887338385579,37.591286472832145],[126.79880127387283,37.591322667248285],[126.79880352030091,37.591408264532845],[126.79883296927127,37.591508828006575],[126.79885313358625,37.59157643791078],[126.79888751192766,37.59168799311919],[126.79892223766403,37.591797017574635],[126.79893521793231,37.59184152163298],[126.79897746994344,37.59198068625923],[126.79898088382825,37.592024616367986],[126.79898616530778,37.59210205616503],[126.79897854909373,37.59217158108484],[126.79897775068105,37.592203114270255],[126.79899009411174,37.59221918980305],[126.79905215019355,37.59230066422124],[126.7989977088805,37.59241375210449],[126.79899681747875,37.59241628346555],[126.7989927152048,37.592426132306734],[126.79899660854123,37.59242698612901],[126.79901411554094,37.59243011528015],[126.7990280880033,37.59243069723381],[126.79907531396684,37.592435284681834],[126.79934836349778,37.59247714307752],[126.79936357853272,37.592478295152326],[126.79944001190697,37.59247645205755],[126.79947664763363,37.59246975820772],[126.79954921805185,37.59245636796384],[126.799611530208,37.592442959711775],[126.79961631698136,37.59243958830571],[126.79963617324185,37.59242442348567],[126.79965195250111,37.592413468280654],[126.7998607580873,37.59226628772958],[126.79991039154547,37.59223033399299],[126.79997447212874,37.592153579611576],[126.80001316611306,37.5921049299317],[126.80004982232435,37.59202840950182],[126.80008589881031,37.592031571048786],[126.80015346386377,37.5920390106285],[126.80022421195662,37.59204644813671],[126.80028721208,37.59204177033781],[126.80033855479785,37.5921575808372],[126.8003406334926,37.59217222555329],[126.80034783403786,37.59219363533928],[126.80040023260321,37.592379832021074],[126.80040686906169,37.59241335070077],[126.80042438570943,37.59241309199129],[126.80042735825423,37.59242324247937],[126.80045021381362,37.592413136702675],[126.80050151675181,37.59241322456474],[126.80043616691277,37.59244015126416],[126.80041492359388,37.592445456796185],[126.80038606801585,37.59245131959601],[126.8003442518245,37.59247265502153],[126.80027781026905,37.592509987496406],[126.80020054463742,37.59255574263173],[126.80009332356458,37.592624826641895],[126.79998570583268,37.5927113622159],[126.7999032589833,37.59277598343314],[126.79978925786854,37.59286476125359],[126.79967542946275,37.59295691779229],[126.7995961838927,37.59301872460932],[126.7995344616954,37.59307380494229],[126.79946374426528,37.59312126424645],[126.79934800868217,37.593198776751755],[126.79919293241905,37.593297617946],[126.79913318036863,37.59334397037814],[126.79897524176998,37.593454916425095],[126.79883485901557,37.59355153166159],[126.79868297432982,37.59365093686469],[126.79865974978227,37.5936675112948],[126.79856875528492,37.593752101690406],[126.79845949818991,37.59385242723943],[126.79834935135469,37.59395529230143],[126.79831352672893,37.593988170808466],[126.7982214472631,37.59408374169675],[126.7981914534069,37.59411663888137],[126.79816821334508,37.5941394020951],[126.79807947174749,37.59424061120593],[126.79799832464916,37.594349994156026],[126.7979224997529,37.59445206995849],[126.79781526672123,37.59459041053504],[126.79771688161826,37.5947225684726],[126.79765756967365,37.59480580739202],[126.79760817384324,37.594882306774544],[126.7975544924852,37.594972878286114],[126.79751537550244,37.5950420697985],[126.79749150322797,37.59510481703225],[126.79747559974574,37.59516110089376],[126.79745323986543,37.595251160671346],[126.79744527426821,37.595314783764],[126.79744254048502,37.59534574646593],[126.79744207073026,37.59545189033933],[126.79744458529153,37.59556704881718],[126.79742602873708,37.59569062319446],[126.79741327769575,37.595761552688586],[126.7973687569635,37.59599742639613],[126.79736479787803,37.596019943339975],[126.79736016124,37.5960342972583],[126.79733974026365,37.596127449275635],[126.7973235606686,37.596218645518626],[126.79731476792428,37.59626565411515],[126.79730418304234,37.596319135332635],[126.79729825932297,37.59634896666848],[126.79729253628274,37.59637091252243],[126.79727980593933,37.59643424755972],[126.7972690404868,37.596487441629165],[126.79726202856872,37.596529099247405],[126.79724961772993,37.596604255743266],[126.7972355628217,37.59669601474813],[126.79723127246801,37.59671206347405],[126.797219498464,37.59681058341156],[126.79720422328907,37.596897843874864],[126.79718965904941,37.59698537593203],[126.7971835046292,37.597032666486186],[126.79718063402451,37.59704787151128],[126.79717533091292,37.5971106500153],[126.79716897691556,37.59717004115641],[126.7971644550956,37.59720804642054],[126.79714782158266,37.59733612838745],[126.7971420434249,37.59737891450588],[126.79714008025793,37.597384822771815],[126.79713200494258,37.597426758460074],[126.79711674024935,37.597509792309936],[126.79710254540362,37.597590298075886],[126.79709190735336,37.59766291634278],[126.79708249228628,37.59773892574594],[126.7971148660564,37.59774319777492],[126.79715183258794,37.59774551447517],[126.7972242012814,37.597745927824974],[126.79731202239849,37.59772214156066],[126.79735381371854,37.5977117976081],[126.79741135941131,37.59769528364002],[126.7974680360906,37.597674272103085],[126.7974768844366,37.597672024676704],[126.7974839694852,37.59766950489151],[126.79750787560705,37.59772642618488],[126.79753004389852,37.59777404542087],[126.79753619461725,37.59778559791731],[126.79754015472088,37.597827841822244],[126.79754374017217,37.597875150751165],[126.79755490691018,37.59793231858496],[126.79755558079009,37.59794330265504],[126.7975569327552,37.59803255676001],[126.797555976047,37.598059304473104],[126.7975567898694,37.598151376993776],[126.79755467857628,37.59821106351244],[126.79754882850484,37.59827975377188],[126.79754147106136,37.59838279567152],[126.79753983646262,37.59839714600391],[126.79754098025417,37.59862436613598],[126.79754866118179,37.59873137155808],[126.79754945851548,37.59876290704264],[126.79755121786113,37.59876544096361],[126.79755322008221,37.59880796147663],[126.79756459748634,37.59885472373353],[126.79757790394729,37.5989079598549],[126.79759719765065,37.59896683633913],[126.79762291901821,37.59913947242734],[126.79764234517398,37.59928282609792],[126.7976528787824,37.59931043217465],[126.79773705890507,37.599522876428],[126.79779831369991,37.59970458375088],[126.79786520178062,37.59989615813602],[126.797923449551,37.60001310648124],[126.79795216687167,37.600059888774986],[126.79805296520423,37.60020815768644],[126.79812191696361,37.60029499658498],[126.79817399806684,37.60033647752952],[126.79825839110023,37.600271021463655],[126.79836160171362,37.60018645399936],[126.7985350965556,37.60008651766446],[126.79863945536361,37.60022972733595],[126.79870418055354,37.600305575026745],[126.79877067076329,37.60038705770348],[126.79875826549625,37.60039238847688],[126.79876726217732,37.60040309741171],[126.79866628862905,37.60044854113578],[126.79867262357486,37.60045840851409],[126.79869228914674,37.600452243435335],[126.79872931358514,37.60050017626428],[126.7987999276216,37.60055942074438],[126.79882999133413,37.60056397785213],[126.79903577300728,37.60076058242478],[126.79908402438421,37.60084399702523],[126.79912483697449,37.60086856507857],[126.79913203218818,37.6008880114621],[126.79917254894806,37.60102210212423],[126.7991725260534,37.60103110267339],[126.79918621650826,37.60107223800977],[126.799221155059,37.60110495818989],[126.79923176738147,37.60110863391168],[126.7992184668991,37.601119314937115],[126.79945531733657,37.60120925195694],[126.79968951590776,37.60130369538904],[126.79972078294819,37.601320364482504],[126.79982344983254,37.601370372050525],[126.79983988071767,37.601378843067366],[126.79992888151162,37.60144403668742],[126.79995604222692,37.60148040243768],[126.79996625714975,37.60149646522485],[126.80000673308326,37.60157931785031],[126.8000158095675,37.601623533409075],[126.7999704597695,37.6017104556984],[126.79990195494369,37.60178355336495],[126.79978589595288,37.60191202389833],[126.79979654976957,37.60196300168087],[126.79984619450326,37.60212301118356],[126.79988657244596,37.602242459036475],[126.79989640444676,37.60227091124381],[126.79991729912862,37.6023920209734],[126.79991966389879,37.60250210619071],[126.79994096224037,37.602544660238145],[126.80037936076425,37.60296127488344],[126.80104952378107,37.603592534184095],[126.80148212051651,37.604002366850985],[126.80169781816663,37.60420179588338],[126.80209141445187,37.60457130588393],[126.80231011191624,37.60477720676016],[126.80258139440186,37.605032750379216],[126.80287766899235,37.60481222846409],[126.80336772463647,37.604444497295056],[126.80388437901857,37.604058509183105],[126.80442158247811,37.60365537128645],[126.80484319285307,37.603342136742455],[126.80525379424309,37.60303620815155],[126.8056239769601,37.60276089656747],[126.80586385796028,37.60258025137233],[126.80613534357163,37.60242162453259],[126.80644936734453,37.60223940549237],[126.80723703946836,37.601792187496535],[126.80823968053036,37.601208196055794],[126.80844266360522,37.60106015389552],[126.80902143696984,37.60064326052571],[126.80936480715575,37.60039605893208],[126.8100768780404,37.59988646642107],[126.81053935433202,37.59955187884788],[126.81136891759913,37.59896082300655],[126.81238160003143,37.59843988127472],[126.8139532315976,37.597619404367386],[126.81451958204265,37.597198247400954],[126.81515044910748,37.59672706671565],[126.81588571437698,37.59618144599443],[126.81655626464614,37.595681606854285],[126.8175259857064,37.59533033253157],[126.81836518034766,37.594160080632555],[126.81868296277545,37.59371571245539],[126.81884431208168,37.59349019411203],[126.81930252899663,37.592849754503334],[126.82005393379251,37.592403519980266],[126.8202435135552,37.592286962420445],[126.8204669592836,37.59214595912671],[126.82068861627022,37.592004961061896],[126.82099816742793,37.591807786503416],[126.82123968597713,37.59165160962762],[126.82152762523566,37.591466780311904],[126.8217204136648,37.591340934953706],[126.82188767164367,37.59123729776431],[126.82223990780741,37.591015966220375],[126.8225391761316,37.590826934827646],[126.82266835597922,37.59074068987795],[126.82365189394812,37.59011684012602],[126.82475695754273,37.589416849168884],[126.82521886632571,37.58912388324005],[126.82533257251355,37.58906802089484],[126.82550956477463,37.588956787293355],[126.82570286050304,37.58883516379008],[126.82591706959319,37.58869920907608],[126.82614685385491,37.58855454627042],[126.82634953199144,37.58842926736346],[126.82656213831102,37.58829500222181],[126.82674622534843,37.58817955304164],[126.82695846407758,37.588046413399795],[126.82719676011244,37.58789612958826],[126.82744922716874,37.58773855095852],[126.82765846458797,37.58760539678737],[126.82781176151737,37.587484836387205],[126.8283738100966,37.587251405686814],[126.82880818209239,37.58706959309962],[126.83005515167677,37.58655249881431],[126.83130121365215,37.58603370269237],[126.83175964918206,37.585843184190864],[126.8319300993294,37.58572348841202],[126.8329556076753,37.585095115942984],[126.83418019318617,37.58435466217724],[126.83458690818806,37.58410663082169],[126.83581534621275,37.58336532885156],[126.83621761388476,37.583122346698566],[126.83665547859351,37.58286139395521],[126.83714914573461,37.5825633416738],[126.8380979382772,37.5817929128872],[126.83913712127391,37.58117435108332],[126.84183034091122,37.57958187522449],[126.84197416675956,37.57949450273994],[126.84233370372829,37.579282976975705],[126.84241104746387,37.57926197245714],[126.84324022524508,37.57887903982861],[126.84407141593235,37.57828971876544],[126.84729651741675,37.57600266081116],[126.84838127797255,37.57515714490847],[126.85128725769138,37.57337523262127],[126.85234715664582,37.57272223367496],[126.85264010419804,37.57252270247306],[126.85292491680529,37.57231977176954],[126.8530602294203,37.572224489579064],[126.85352234175241,37.57189593191461],[126.85363185350384,37.571790490355625],[126.85362858539504,37.57379911929504],[126.85413355892582,37.57389717477015],[126.85483423016308,37.57403769982956],[126.85576635925008,37.57422186374676],[126.85734031580827,37.57453238275153],[126.8583507882698,37.57473070504068],[126.85928576376277,37.57491568958436],[126.85929416788703,37.57524090272948],[126.86036259987365,37.57566367529747],[126.86111590675186,37.57595993507738],[126.86185506572515,37.576252783610634],[126.86202599153172,37.57631971265133],[126.86261139484422,37.576549028744104],[126.86325370878738,37.576804591081206],[126.86338750931215,37.57685768060306],[126.86424884256375,37.57719430244212],[126.86481834540736,37.57741655286531],[126.86494118438374,37.57747243904423],[126.86733277701262,37.57750503107045],[126.8683793701013,37.5775211367157],[126.86879930036169,37.57761283369876],[126.86979141559752,37.57783102731376],[126.8706005296166,37.57800846830827],[126.87144307030702,37.57809245268703],[126.87308486384603,37.57822180273253],[126.87391524891481,37.578280699647635],[126.87519538181944,37.57827448102242],[126.87626055876719,37.578185228615894],[126.87625925632422,37.578962895011514],[126.87638799464966,37.578983862518754],[126.87675422299172,37.578943426437405],[126.87707656878982,37.57890294304859],[126.87712773999934,37.578984644022455],[126.87725923403772,37.57915962819604],[126.87742728098455,37.57936365352755],[126.87752220465381,37.57951523488396],[126.87758799799772,37.57962624306842],[126.87763166598803,37.57974848054029],[126.87754351402636,37.57988832043448],[126.87742618938192,37.58002221788213],[126.87736749268,37.58011535526508],[126.87738931428083,37.580179573707326],[126.87745515966681,37.580261298011486],[126.8774695839114,37.58030804695772],[126.87747689500392,37.58038379284516],[126.87746201929157,37.580500346237585],[126.87741791682706,37.58063995290776],[126.87716123977636,37.580855351320416],[126.87691930606088,37.58103388820024],[126.876662788596,37.58125998921433],[126.87662545036251,37.58137595294296],[126.87667137059427,37.58163250256485],[126.87695832289829,37.582037121970906],[126.87704967414612,37.58220615321192],[126.8770843078846,37.58254574473767],[126.87709105881046,37.58274087893703],[126.87709841286107,37.5828929182331],[126.8770752712971,37.582982154990916],[126.87706210950716,37.58302718994992],[126.87699581258231,37.583216327239825],[126.87698773748843,37.583388064074526],[126.8771467519619,37.58360982125983],[126.87725085054724,37.58377463787751],[126.87733124546898,37.584047840053174],[126.87729370720841,37.58417365853828],[126.87716498769568,37.58423827594367],[126.87697376465535,37.584238921581466],[126.87677879033863,37.58414607653887],[126.87669635268078,37.58414993504656],[126.87662344083829,37.58416449990574],[126.87656174955397,37.58424467633326],[126.87653789836776,37.58444033598548],[126.8767457837284,37.58463764637067],[126.87692496754192,37.584749053262136],[126.87708688434905,37.58482749328821],[126.87719337737802,37.58493601247673],[126.87724720022973,37.58511963418359],[126.87726573007866,37.58557184046887],[126.8775423437769,37.58624787124189],[126.87846522948469,37.586369342569064],[126.87887161941782,37.58656207191512],[126.87913309393227,37.586772380259],[126.87920508162173,37.58699910661856],[126.87926386239535,37.58718809524346],[126.87932282705512,37.58758375255633],[126.87943734922493,37.587874717652454],[126.87953958064853,37.58810204288466],[126.8795922878275,37.588217810666016],[126.87960674939862,37.58824457532844],[126.87962722470034,37.588275851338],[126.87965614847262,37.58832656286932],[126.87979480491019,37.58857390888027],[126.87990081310902,37.58876322451685],[126.88000289388434,37.58897985337831],[126.88003445348404,37.58904774008575],[126.88004451165735,37.58906632802819],[126.88022241361956,37.58932076071981],[126.88034913911845,37.58950615884212],[126.88059719241441,37.58971447896429],[126.88066591884711,37.589771148008985],[126.88075499045539,37.589828109150744],[126.8808518365984,37.58988845747229],[126.88100436559232,37.589982937032225],[126.88115231421085,37.59006221253627],[126.88127834427166,37.59012568919274],[126.8817236384368,37.59034913570548],[126.88173123199411,37.590358432034485],[126.88198640231198,37.590540014799075],[126.88190773045362,37.59061961815586],[126.88190099376658,37.59062607995784],[126.88188681873271,37.590639581377445],[126.8819009520555,37.590652272710805],[126.88205606141975,37.59079263898099],[126.88203089601198,37.5908176796976],[126.8820720213361,37.59088050243812],[126.88224954298364,37.59105440916437],[126.88232302562483,37.59112655319117],[126.88237745038309,37.59116434061699],[126.88268158926107,37.59137665771346],[126.88280885415422,37.59144858704698],[126.8829228606458,37.5915143013824],[126.88334879484896,37.591787844645864],[126.88357514737436,37.591852544370205],[126.88376731651763,37.59205461128237],[126.88411238367344,37.592454208039776],[126.88433418966808,37.59271965002943],[126.88447527682584,37.59289154513878],[126.88463761543953,37.59316425339522],[126.88485656151327,37.59344433393488],[126.88500398939235,37.59363903807992],[126.88513968973866,37.59375094854936],[126.88518837587631,37.59373101226608],[126.88520869266299,37.59374453860607],[126.88540999246977,37.59388270449284],[126.88572075749148,37.593939878649685],[126.88579628149012,37.59395375602215],[126.88597637277792,37.593962096769296],[126.8860935035165,37.59395911150204],[126.8862729125632,37.5939559069948],[126.8863654466918,37.593954034106055],[126.88668303904198,37.59382735960759],[126.88673278962247,37.593807413363905],[126.88684567249751,37.59380499116937],[126.88703649133163,37.59385416468542],[126.88730319138244,37.593923122392],[126.88733768603444,37.59391977729873],[126.88731722514571,37.59388371875168],[126.88725121148283,37.593779202741125],[126.88718166075404,37.59367833331803],[126.8871707089934,37.593666492590366],[126.8870072950761,37.59351063501728],[126.88698697933908,37.593489784510965],[126.88695503774147,37.593438225667654],[126.8869190417232,37.593377933837814],[126.88688264810509,37.59334327396133],[126.88676217105403,37.5932257407925],[126.88671518213408,37.59317332911179],[126.88671009405228,37.593146574426896],[126.88671911191997,37.5931502411648],[126.88672143169511,37.59313589142764],[126.88667751507886,37.59304433552672],[126.8866204415118,37.59288576931026],[126.88656340190887,37.59270692310872],[126.88643888382684,37.592567428165296],[126.88640464090942,37.59251728150085],[126.88627032299661,37.592308799266846],[126.88621509297127,37.59232789107818],[126.88617534897485,37.592175242318234],[126.88614414607072,37.59210004398963],[126.88599508560357,37.59193659462973],[126.88589948979158,37.59185484527223],[126.88576944307441,37.5917482920169],[126.88571526656938,37.59166658310851],[126.88561180509599,37.591523451006466],[126.8855953917389,37.59149837848842],[126.88556118270444,37.59142767214836],[126.88554020163748,37.591384853831805],[126.8855363989029,37.591325439383816],[126.88553363657218,37.591280666662705],[126.88550257995574,37.591227990848594],[126.88549305032573,37.59121193508921],[126.88546703738672,37.59110491909525],[126.88548453309639,37.591001033234114],[126.88548935934521,37.59097035153868],[126.88554034893465,37.59094674999184],[126.88562992946939,37.59090516847844],[126.88563862712333,37.590889130586895],[126.88565193642654,37.590863797980326],[126.88571411707481,37.59080726912806],[126.88573572803665,37.59067073658856],[126.88577595591748,37.59051816714692],[126.88581457816638,37.590019853240754],[126.8858808766955,37.58993685676587],[126.88587188320818,37.58980676324657],[126.8858602017972,37.58981238259985],[126.88583570331512,37.58975183115821],[126.885826531916,37.58972929670773],[126.8857784199323,37.589614933149655],[126.88575407375632,37.58956564372556],[126.88582206043124,37.58953107610785],[126.88613382103306,37.589393413912866],[126.88625705353856,37.58932623974062],[126.88655753082867,37.58916210305609],[126.88673986007173,37.58897448656854],[126.88689170997644,37.58881499056569],[126.88705472168178,37.58864846549708],[126.88715927976557,37.588532845398795],[126.88730560089947,37.58852369766263],[126.88732293281917,37.5885239928298],[126.88752231649545,37.588636528805154],[126.88760860298146,37.58866702209749],[126.88834365247162,37.58879527219687],[126.88891136680056,37.58878539962177],[126.88925345148569,37.5888276743846],[126.8895788633833,37.589132065782294],[126.8902245457399,37.588924602855386],[126.89071176630107,37.58867983139113],[126.89093661408229,37.58856657218191],[126.89144413607592,37.588465407696766],[126.89155875707915,37.58848353303805],[126.89166330390641,37.588485036302096],[126.89176673474546,37.58853073921249],[126.89205206228289,37.58854874512717],[126.8922357255791,37.58852217491033],[126.89322590499134,37.58900397939107],[126.89332788407063,37.589067429605734],[126.89366793284645,37.58905563152803],[126.89384057545365,37.589071276723075],[126.89397424680284,37.589001004053664],[126.89426747113242,37.58882023707893],[126.89523121751859,37.588864464668184],[126.89568738624446,37.58879814762327],[126.89595443254683,37.588733902796626],[126.8964142137384,37.5887382590327],[126.89685903413574,37.58856662110308],[126.89694070687543,37.588611182854635],[126.89757266753158,37.588962837096446],[126.89796240859263,37.58909045270504],[126.89808208814215,37.58953879654405],[126.89946874349027,37.5897872081979],[126.89948427931772,37.589809745376776],[126.89949809523674,37.589791738253126],[126.89964383815582,37.58981692047276],[126.89975035314197,37.58993808686553],[126.89957544817851,37.590673076167995],[126.89971035647436,37.5909893826587],[126.89969640918974,37.59136215475107],[126.89956645316325,37.59168977419929],[126.89928240447094,37.59214931047242],[126.89896162985441,37.5926783697897],[126.8992994711068,37.59286814864246],[126.89941391155897,37.59314192210401],[126.89977821132511,37.593386628665755],[126.89982658498504,37.59346775866423],[126.89987809201047,37.593577046680124],[126.90002069944633,37.59383197652243],[126.90035509848214,37.594211236198895],[126.90117339336348,37.59471958417777],[126.90182975753098,37.59514134992357],[126.90179180974077,37.595473276185366],[126.90178426030647,37.59555689128055],[126.90162815222398,37.596000492568784],[126.90121054991643,37.59630168980961],[126.9012247008926,37.59643938142362],[126.90120110809255,37.59674654279932],[126.90107629458176,37.596937336226226],[126.9010118805138,37.59733709353122],[126.90109460772138,37.59752495601127],[126.90125350686537,37.5979088549724],[126.90117136962913,37.5982075151017],[126.90117925398863,37.59823217248515],[126.90126122233198,37.5984885897252],[126.901297261051,37.59919279223395],[126.9013226872355,37.59936653345474],[126.90101679370329,37.59987307696221],[126.90101249072735,37.600175468435005],[126.90052902229108,37.60088063487768],[126.90029321718484,37.60123266264979],[126.89998230208292,37.60204018095887],[126.9002045394576,37.60256772651184],[126.90015265455638,37.603116442901126],[126.9007709106002,37.6033698057223],[126.90130683807116,37.60339898543253],[126.9021084735416,37.60374175810817],[126.9020299143196,37.6042690450184],[126.90184860060003,37.604621681304465],[126.90182346428809,37.60476300630916],[126.90150540777185,37.60535653809911],[126.9017496473724,37.60571544322218],[126.90170856332102,37.605738500619466],[126.90172588164361,37.605752310382314],[126.90174338371406,37.60576528102114],[126.90163756000943,37.605905969689715],[126.90157942103507,37.60597855870484],[126.90141386220449,37.60619070688306],[126.90124674418615,37.606778744434834],[126.9008747426205,37.608121169128694],[126.90077575009595,37.60843924945649],[126.90067562391161,37.60894201940198],[126.90060114818569,37.609319521181945],[126.90070526073845,37.610318852434865],[126.90030432159125,37.611191344676605],[126.90079052495186,37.61204487146064],[126.90088992045837,37.61222205442244],[126.90096195012525,37.612350225728505],[126.90091349155708,37.61272465998176],[126.9010007206558,37.612870854282335],[126.9017342407587,37.61406922324372],[126.90179918211892,37.61447021481919],[126.90172886635347,37.61477619886977],[126.90189308738252,37.615055084609445],[126.90191709403943,37.61509254870153],[126.9018226009415,37.615753564475575],[126.90189902794263,37.615899758861495],[126.902149011973,37.6163696055241],[126.90247318993706,37.6166655081402],[126.90247836081426,37.616899207818186],[126.90279862095355,37.61708643038185],[126.90312556988894,37.61730434421067],[126.90300777176127,37.61778599171836],[126.9030516073635,37.618093765795734],[126.90334016042539,37.618306017005175],[126.903361230861,37.61883930688496],[126.9037290561818,37.61879822119552],[126.90427428538808,37.61883133188044],[126.9045094090608,37.618900225045216],[126.90470032567147,37.61894289880129],[126.90491758366468,37.618997135732144],[126.90509769115354,37.61904177276805],[126.90523109002585,37.6190745421204],[126.90522386641672,37.61921176469361],[126.9052234740981,37.61921925276043],[126.90518925684191,37.6198138700904],[126.90521397044226,37.61986795048452],[126.90555757912772,37.620623079646165],[126.90561269351885,37.62070393286925],[126.90627822041252,37.62135205202491],[126.90711746719701,37.62194146224195],[126.90714042268587,37.62254682076933],[126.9071131111215,37.62286946825717],[126.90710019402266,37.62300713647381],[126.90714280769183,37.62331265595367],[126.90710901481326,37.623448623889175],[126.90699953864244,37.62393674889217],[126.90674887801437,37.62424175363053],[126.90662714769864,37.62449562459248],[126.90702183247754,37.62478622909274],[126.9074398569508,37.625094022257805],[126.90778997378445,37.625502273131],[126.90839575309148,37.625992378970814],[126.90861082500093,37.62626565491248],[126.90890317006757,37.627458554858826],[126.90880184314416,37.62908784067305],[126.90877004205598,37.62932770126144],[126.90838209520851,37.62999411949908],[126.90811827236027,37.6300606379268],[126.9072941552428,37.63086720610891],[126.90692939727002,37.631804489777736],[126.90675739908512,37.632736305537485],[126.90620219368971,37.63322013386703],[126.9070962475348,37.633397949286305],[126.90811267113737,37.633829821424264],[126.90912245723902,37.63433291162644],[126.9098065939559,37.63494188596993],[126.91085445847587,37.63531659954072],[126.91121037142666,37.63590558107201],[126.91079690766084,37.63683367678932],[126.91031596276288,37.63791297302834],[126.91025846560264,37.63809808995614],[126.91021817555477,37.638227655456],[126.91017031248973,37.638334626091726],[126.91009200279831,37.63850941745212],[126.91055653491787,37.63952337623101],[126.91079420601656,37.64002613350095],[126.91084147026237,37.64015077483843],[126.91089206756605,37.640284293191804],[126.91115147676193,37.64097914588562],[126.91120281709112,37.641136117087264],[126.91121521231109,37.641174076298284],[126.91133440692765,37.6415387553222],[126.91206673760408,37.64377966457193],[126.91208505431662,37.643840727277485],[126.91210719709488,37.64391484987016],[126.91217526013479,37.64414183089932],[126.9122084815378,37.6441990146157],[126.9122606332534,37.64425874236176],[126.91227986046482,37.64431535736994],[126.91202960390673,37.64439738074235],[126.91190638217171,37.64444475160361],[126.9117751678025,37.64449505153289],[126.91148403404024,37.644627274440246],[126.9111851903567,37.6447644445161],[126.91096530009108,37.64482391992758],[126.91088453020524,37.6448465092816],[126.9106636284605,37.6449081999502],[126.910589634046,37.64493030582659],[126.91049536062528,37.644958380453595],[126.91024149454827,37.64504313812159],[126.9101407890826,37.64507676467366],[126.91014073951332,37.64511794052028],[126.91014072274652,37.6451307342486],[126.91011621950625,37.64514515715434],[126.91007357319813,37.6451701541414],[126.9099150184749,37.64525534311197],[126.90972532485901,37.64531459754892],[126.90965218508555,37.64533143466861],[126.90944139542769,37.645425592766934],[126.90938664303438,37.64546172513507],[126.9093403194856,37.645492176132414],[126.90928406557822,37.64551748703968],[126.90921621172815,37.64554789509283],[126.90877716489592,37.645810240184936],[126.9087456336793,37.64582513480049],[126.90848488909936,37.6459336153735],[126.90842082068237,37.64596285421553],[126.90825096357173,37.646040286287494],[126.90816689498892,37.64608003336177],[126.90812811843276,37.646098319868464],[126.90795114164833,37.64617842902249],[126.90770517565291,37.64628978328311],[126.90756030611148,37.64651725499758],[126.90747340430578,37.646655566114994],[126.90729156156992,37.64694455316985],[126.90723730960207,37.6469958838091],[126.90697390996607,37.64724501845788],[126.90679618693053,37.647409843649896],[126.90662200205516,37.64757127611265],[126.90647939976849,37.64770342374818],[126.90644442680706,37.64773472232971],[126.90638506236031,37.64778767062879],[126.90634871420836,37.64782170795615],[126.90632330014934,37.64784700483288],[126.90623609598526,37.64792599469624],[126.9062223349789,37.647938452424256],[126.90620493055835,37.64795429656093],[126.90609663735538,37.64805287478884],[126.90594910207952,37.6481879010631],[126.90588076170631,37.64825041960857],[126.90564834590569,37.64846040878064],[126.90562515862908,37.64848135639858],[126.9054145094526,37.64865741552828],[126.90535350354118,37.64870813580088],[126.90534103764313,37.64871848690605],[126.90522849398472,37.64880596164099],[126.9050156375088,37.64896880086565],[126.90482239219675,37.64911857350629],[126.90481016428436,37.64912804279775],[126.90480568144065,37.64916819445139],[126.90480202371495,37.64920101484744],[126.90498672136323,37.64908285025346],[126.90516454509482,37.64896921127496],[126.9055405317667,37.64888983486993],[126.90592691942825,37.64870544929114],[126.90602931361344,37.64865879847424],[126.90609415360788,37.64863012707207],[126.90617206682325,37.64858632137563],[126.90643778566417,37.648437055305834],[126.90648679658152,37.6484088849762],[126.90652220998872,37.64838861539065],[126.90664287009612,37.648322266131736],[126.90692292909112,37.64816699050544],[126.90710929877112,37.64806368994165],[126.90722566251124,37.647981253064],[126.90730063038406,37.647927616407934],[126.90750057995042,37.64778510532029],[126.90755222723205,37.64774834211186],[126.90762097977083,37.64770024794374],[126.90765943644871,37.64767409700879],[126.90777627419,37.6476103190412],[126.90804726357857,37.64746249454022],[126.90812323483806,37.64742003001155],[126.90826360301169,37.647340998998544],[126.90841366517331,37.64725658830409],[126.90851328673526,37.64733123096091],[126.90853826955241,37.647349990748346],[126.90857732666218,37.647378672255535],[126.90859089692773,37.64739046849324],[126.90861282904687,37.6474056844418],[126.90862356299009,37.647410630550695],[126.90863541006831,37.64741619893351],[126.90894732086198,37.64726327753215],[126.90923745692658,37.64712349392137],[126.90949150089662,37.64699502443584],[126.90958210215862,37.64694998221743],[126.90972726490556,37.64687791002499],[126.90985753641297,37.646759216714855],[126.90996658247569,37.646662032232264],[126.91013903773425,37.646505621459816],[126.91030455410555,37.64638327111402],[126.91043851534313,37.64628623052962],[126.91043589523437,37.64627870596846],[126.91049633977633,37.64625586738343],[126.91055860990917,37.64621431863469],[126.91060258730315,37.64618500686173],[126.91072609231205,37.646102600509664],[126.9108632292327,37.646011202021555],[126.9109052080968,37.64599321557092],[126.91100547222234,37.6459504952816],[126.91103341863672,37.645938389474715],[126.91104162625584,37.64593487386366],[126.91105773354535,37.645928289458006],[126.91121058601459,37.64586502396899],[126.91131376193735,37.64582237736206],[126.91167370816297,37.64557128119238],[126.91170951932942,37.64554645859192],[126.91178644133207,37.645493288146234],[126.91185430996975,37.6454392819783],[126.9119455898022,37.64536557900523],[126.91201927256525,37.645329036427626],[126.9121416839948,37.64526878123918],[126.91232774590132,37.64517732883957],[126.91250419551757,37.64513453124695],[126.91256323305909,37.6451202506539],[126.91267975526466,37.64509612009343],[126.91288122145389,37.64506365633154],[126.91290054307217,37.64506054523353],[126.91293170735773,37.645056963841355],[126.91304565735557,37.6450418493954],[126.91328570527966,37.64501014462713],[126.91336323067391,37.645000732902865],[126.9133986099721,37.644996497337885],[126.91345747976257,37.64495248425693],[126.91372082455489,37.64475565528982],[126.91460674593112,37.64490863918549],[126.91518932884709,37.64511629180747],[126.91580612419997,37.64514377022847],[126.91729630955307,37.64525441986963],[126.9173415042751,37.645257776631965],[126.91764727199808,37.64529443969792],[126.91811625007581,37.64535067697843],[126.91819075179944,37.64535954063015],[126.9191533070651,37.64547416340988],[126.91952535248126,37.64552973405193],[126.91987103461419,37.645581472609905],[126.92063081618225,37.645676563707866],[126.92147085748027,37.645781812190336],[126.92166201151302,37.645791400241045],[126.92184623001704,37.645800770249416],[126.92214175173085,37.64582233091524],[126.9222800810008,37.64583247064335],[126.922862329657,37.64587762882872],[126.92307878859889,37.645906307953275],[126.92312299458031,37.64591217561104],[126.92335565888838,37.64593972758643],[126.92339534707855,37.64594442988949],[126.92368015439907,37.646006001937295],[126.92397522339438,37.646072922804386],[126.92408190099873,37.64609700459565],[126.92412290920528,37.64610630118068],[126.9242435849005,37.64618287412372],[126.92439726896276,37.646280423812065],[126.92479199570495,37.646533512495225],[126.92484489564458,37.64657183939499],[126.92517415853807,37.6467877918327],[126.92523686708287,37.64682895275668],[126.9252815252952,37.646858561008855],[126.92548059219244,37.646990645810234],[126.92570725052646,37.64714542651707],[126.92580948873928,37.64721529994017],[126.9258995752895,37.64727768683769],[126.92614123675074,37.647445214159205],[126.9264896178422,37.647699999350706],[126.92658088072844,37.64776674682216],[126.92659983650628,37.647756343585755],[126.92689886453083,37.64794010743558],[126.92709682117682,37.64807723485144],[126.92713400619374,37.6481030080128],[126.92714647228287,37.64811465592953],[126.9271734478563,37.64813989978815],[126.92721979579677,37.648183293507394],[126.92737604797928,37.648327682665105],[126.92742164788268,37.648369859637555],[126.92755343853537,37.64848820386853],[126.92757449626845,37.64850710287958],[126.9275875491343,37.64851885096959],[126.92759178332686,37.64852274552778],[126.92785842819809,37.64876938310779],[126.9279365337436,37.64884012181918],[126.92797282834273,37.64887301292523],[126.92799207692303,37.64888777271548],[126.92816674405655,37.64900940487608],[126.92820190506959,37.649033421226974],[126.92845391724936,37.64920605956067],[126.92864582102355,37.64933833315675],[126.9288636936071,37.649489038282006],[126.92895463503342,37.64955188468681],[126.92897801882718,37.64956816948754],[126.92911806055882,37.6496657498514],[126.92918861827683,37.649762883278754],[126.92925916131479,37.64981811047278],[126.92928109318444,37.64983481894006],[126.92928593982242,37.64983727286013],[126.92948825588442,37.64994047654768],[126.92969937313268,37.65004815593129],[126.92970985133582,37.65005212515957],[126.92987617264993,37.65011548542475],[126.93000309635224,37.650163512233235],[126.93004248696693,37.65017210303398],[126.93028472898223,37.650225047521886],[126.93044866688281,37.65024682383066],[126.93086293108149,37.65030141998538],[126.93143107072012,37.65033132008658],[126.93154475473692,37.650313646567895],[126.93153686226411,37.65030774085351],[126.93159321576896,37.65029354784198],[126.93185310145456,37.650228236300954],[126.93187501494538,37.65022928475993],[126.93190056540695,37.65023065165045],[126.93215761150175,37.650305674273355],[126.93218571403685,37.650341350665784],[126.93219611503194,37.6503545746821],[126.93219924958844,37.650358541350215],[126.93220637037828,37.65036757244325],[126.93221507407104,37.65037862517888],[126.93222139960058,37.65038669191701],[126.93279744945768,37.65049038873873],[126.93282320184225,37.6504961513859],[126.93334917765874,37.65061440323852],[126.93388972249566,37.65072509346817],[126.93424177324691,37.65081459024001],[126.93453703248849,37.650889756288194],[126.93459049513348,37.65090329982588],[126.93462111737419,37.650910075105266],[126.93471676068994,37.650931022484954],[126.93473589599333,37.650935231348086],[126.93494747122939,37.65098512068808],[126.93526706184205,37.65106050652997],[126.9357056890189,37.651202654226395],[126.93613676253321,37.651485864724094],[126.93628169022308,37.6515839248081],[126.9364547337951,37.65171747420919],[126.93665945743649,37.65188306785806],[126.93676609645009,37.651969422028486],[126.93706073377872,37.652221315614575],[126.93716331864542,37.65231570397335],[126.93730616211015,37.65252063641296],[126.93742507011164,37.65269133714783],[126.93753709601387,37.65295634774964],[126.93756980158972,37.6530341913216],[126.93762289729156,37.653160798195],[126.93773993894749,37.65344692171161],[126.93774723906162,37.653457808909835],[126.93783703377,37.65359197608137],[126.93792333063564,37.6537209696029],[126.9381215734096,37.654070115136115],[126.93815106116767,37.6541220640226],[126.93826161282843,37.654354591629925],[126.9384596547466,37.65477117266563],[126.93880981789484,37.655275627528376],[126.93903624584657,37.655536471715735],[126.9392851099123,37.6558164461315],[126.939398465215,37.65594404715144],[126.9396662320507,37.65624105896681],[126.93990472628492,37.65644549791998],[126.94006767549426,37.65658435889915],[126.94012815926212,37.65663592628068],[126.94018606220861,37.65667282594135],[126.94033521165323,37.65676784727799],[126.9407691919523,37.656978718599504],[126.94084891494155,37.65702284555128],[126.94102150202438,37.65711842767189],[126.94144345184965,37.657354022821835],[126.94157309582889,37.65742647305167],[126.94180147309429,37.6575541585071],[126.94206982579485,37.657705297566835],[126.94209995600285,37.657722160149845],[126.94243796861811,37.657833789114264],[126.94269721672744,37.65791945795368],[126.94333829621827,37.65805857927732],[126.94412322857528,37.658115843087195],[126.94429390044424,37.65814564840951],[126.94439644883839,37.658163583220706],[126.94472819800893,37.65824886675253],[126.9448823835708,37.65828878200826],[126.9450226112996,37.658325185384946],[126.94520549708628,37.65837623342803],[126.94568915662083,37.65851752872739],[126.9460433480197,37.658632190796894],[126.94642592328724,37.65875610065244],[126.94658444959539,37.65881511748709],[126.9470840848155,37.65901473354922],[126.94751096285121,37.65918537636859],[126.94753741517557,37.65920005667987],[126.94756485155217,37.65921538524502],[126.94767760616318,37.65904203559174],[126.9476932962147,37.65901793143137],[126.94775534304848,37.65892252036475],[126.9478075812141,37.6588695756789],[126.94790230387451,37.658773683192486],[126.94796703815803,37.65870814009872],[126.94798344130137,37.65864106919387],[126.94800190611252,37.6585723696489],[126.94794253526257,37.658395535533536],[126.94793946355675,37.65838011918985],[126.94791544692065,37.658259134593784],[126.94803913386771,37.6580053952767],[126.94803834191181,37.65789243848094],[126.94799214287592,37.65771106197344],[126.94781335201036,37.657421559115505],[126.94775784389994,37.65728084684615],[126.94788243321865,37.6571258111274],[126.94801155877734,37.65709243339779],[126.94812801131806,37.657062457650234],[126.9481846775612,37.65705835637185],[126.94823633391042,37.65705473169977],[126.94828637363328,37.657047392672325],[126.94834900386404,37.65703833888812],[126.94883281714455,37.65697436162245],[126.94912624216927,37.65681271354551],[126.94920308435229,37.65677040158732],[126.94921383791862,37.656753007195725],[126.9492282148107,37.656729868765915],[126.94934487415097,37.65651453382219],[126.94937940465343,37.65645095811491],[126.94949027690299,37.656246972128066],[126.94955248414189,37.656178318002155],[126.9495717757705,37.65615705529745],[126.94963357391512,37.65608793215837],[126.94979116171326,37.65591176106811],[126.95010403699453,37.65579980915908],[126.95040485323565,37.655692290388465],[126.95069033535358,37.65553249984846],[126.95077270682351,37.65548642330717],[126.95078109844631,37.65547773347249],[126.95090052549575,37.655354080651776],[126.9510530966336,37.65519703394795],[126.95130979628328,37.65499471110068],[126.95137605405017,37.6549496825428],[126.95171836364386,37.65488968761599],[126.95186000190544,37.65486492491791],[126.95231457447429,37.65491636259993],[126.95262501793493,37.654924682369035],[126.95321049644637,37.654933077779376],[126.95327566985365,37.65494848256929],[126.95335884824344,37.65496824856879],[126.95373621473784,37.65518154465846],[126.95389061995051,37.65526638101071],[126.95394550552781,37.65529657754979],[126.95417792783948,37.655216834225726],[126.95419412412441,37.65521127418857],[126.95403219153918,37.65507608908396],[126.9540372385201,37.65498197590375],[126.95421934806551,37.65476644435991],[126.95426260084307,37.654680870447926],[126.95435154506943,37.65459531258237],[126.95455202049308,37.6545320450957],[126.95458354542171,37.65453486944152],[126.95460043381568,37.654529451180125],[126.95477803555993,37.6544884920349],[126.95480103156652,37.65448318504343],[126.95489769910374,37.65446094333058],[126.95504434839374,37.65440610400842],[126.9551824395936,37.65433961228769],[126.95523592108317,37.6543139283663],[126.95525616920455,37.65429925969019],[126.95529054479603,37.654274433185485],[126.95531728275306,37.65423075586617],[126.95532136461924,37.654224108241046],[126.95533523617175,37.65417111832453],[126.95535335584182,37.654079053046345],[126.95536824883341,37.654035983930136],[126.95539890518704,37.653998830516144],[126.95540247245,37.65396335206012],[126.9554066159076,37.653950731406646],[126.95542397666813,37.653898040351976],[126.95544419558694,37.65387550630143],[126.9554586654803,37.65386004128313],[126.95546278145562,37.65385677215728],[126.95546721387419,37.653853376861896],[126.9555245379634,37.65378959259882],[126.95553485594908,37.65377814470958],[126.9555913894472,37.653747760096934],[126.95571397422684,37.65368200926899],[126.95580236044258,37.65369081753457],[126.95585100308162,37.65366231304597],[126.95593194456302,37.65359509523647],[126.95595051659443,37.65358050727884],[126.95596365587198,37.653570240289],[126.95602919587192,37.6535212707044],[126.95602027776476,37.65350464481467],[126.95600956988287,37.653484665331035],[126.95608711833184,37.65342221239353],[126.95616326248904,37.653360930207825],[126.95624930348518,37.653308527027136],[126.95626187488418,37.653305242934934],[126.95629829042475,37.653295851174754],[126.95634823385105,37.653288834495065],[126.95636578975953,37.65326744218251],[126.95639232866739,37.65326773227315],[126.9564686746295,37.653227785404994],[126.95650848232152,37.65319194961144],[126.95653246367107,37.65317042623908],[126.95641235598106,37.65317004612501],[126.95650469577383,37.653121646468925],[126.95664229768543,37.653049629104814],[126.95710810438415,37.65283722967603],[126.95746014719157,37.651871902863085],[126.95768498527674,37.650710296149704],[126.95776467747757,37.650022296126224],[126.95778946068047,37.64980863878235],[126.95764843439362,37.64933306909869],[126.95756226121252,37.64904245440345],[126.95784247156645,37.64847047424803],[126.95785468959986,37.64844553137415],[126.95783916090123,37.64804769043036],[126.9583321225574,37.647683680295856],[126.95837734255846,37.647650296952726],[126.95854462777906,37.64742704184236],[126.95902701398249,37.64678337910618],[126.95901393629083,37.646704394655394],[126.95891991856803,37.646136602250536],[126.95909666125188,37.64583407237561],[126.95914588465263,37.64574987555656],[126.95913776960424,37.64571632164191],[126.95890654010545,37.64476036425095],[126.95912223139774,37.64434627307914],[126.95912109044899,37.64434103830494],[126.95901970584153,37.64387904340292],[126.95936533445987,37.64319965162187],[126.95931656207044,37.64266666152103],[126.95926778190272,37.64213273444556],[126.95991259702555,37.64151762307552],[126.9599712399636,37.64146170223712],[126.96013162091333,37.640538436589175],[126.96044953574525,37.6398972678458],[126.96051025671808,37.6398308971274],[126.96056229155569,37.63967158654794],[126.96086186971688,37.63875547612023],[126.96113307660528,37.63847486195974],[126.96130545252055,37.63829665290426],[126.96160295727567,37.63798917760822],[126.961602892185,37.63787750173045],[126.96160275206563,37.63761018121631],[126.96160410002058,37.637188695880006],[126.96160434016367,37.637117356472416],[126.96254077928414,37.63581885563426],[126.96272797847496,37.63524290563903],[126.96292222423828,37.634645548173815],[126.96329090529723,37.633375586791146],[126.9633287888714,37.633245137447254],[126.9622602715324,37.63239694759185],[126.9616191366167,37.63188794197922],[126.9610814667544,37.63126662403034],[126.96060437319274,37.6307188432808],[126.95982243885463,37.62976115482372],[126.95875943929144,37.62958838033092],[126.95841841845649,37.6294697517878],[126.95881396028808,37.62958927407186],[126.96011573713126,37.62977556452702],[126.96048973238764,37.629826088457165],[126.96143966952788,37.62995931708368],[126.96376722201325,37.6297931156485],[126.96433141678033,37.630360065134155],[126.96522847672529,37.63076804474609],[126.96604731322304,37.63081558720098],[126.96651199955025,37.63072563724408],[126.9668016104524,37.630688268230216],[126.96708433236904,37.63070657928018],[126.96765353524012,37.63074342315888],[126.96823554938528,37.630730074053545],[126.96868209981656,37.63084056856206],[126.96938882964274,37.631015895244744],[126.97058274756417,37.63148499299322],[126.9713275584809,37.631618656789406],[126.9730297721889,37.632374766803295],[126.97367211308847,37.6320311419934],[126.97445345834616,37.631980087000464],[126.97462890967184,37.63191283186929],[126.9753883555065,37.631733086334705],[126.97536907550817,37.63169816952949],[126.97557987358913,37.631752554213],[126.97576497247559,37.6319220963132],[126.97582848761557,37.63200910851357],[126.97610067900722,37.632190489625565],[126.97622421908709,37.63223161807813],[126.97672836721522,37.632705026855376],[126.97700602131196,37.63296890042442],[126.97719495817506,37.63333608787871],[126.9773317103076,37.63358303801284],[126.97761027730486,37.6337739936106],[126.9778047647674,37.63391058537478],[126.97845792860626,37.63404558318204],[126.97890577524146,37.63406256190734],[126.97919820952809,37.63407866432702],[126.97965239346584,37.63420658089487],[126.9800497359466,37.634417816363],[126.98019061103525,37.634552988435225],[126.98038015564964,37.63468591615534],[126.9806068858223,37.63481575159339],[126.98075149820136,37.63483689704966],[126.98112235527861,37.63486004318227],[126.98125529878287,37.634842056964146],[126.98141567847215,37.634829687012086],[126.98151360487697,37.63472102673454],[126.98167941802724,37.63493531660342],[126.98199463212487,37.6351569551799],[126.98204100294643,37.635156964014534],[126.98216064268443,37.635281435608086],[126.98219690354745,37.63538251374548],[126.98228979912155,37.63553456753041],[126.98251510002947,37.63574127124127],[126.98251597044678,37.63578603215709],[126.98260907821329,37.63582434680255],[126.98278787214953,37.63580944591677],[126.98297759848688,37.63597587825202],[126.98313193079605,37.63610541850732],[126.98354682040979,37.63632059089036],[126.98358680312717,37.63641209993075],[126.98367412123886,37.63644473743731],[126.98370664739271,37.63645688750995],[126.98395943565342,37.63643805941206],[126.98419895293962,37.63633745393276],[126.98421472552319,37.636330826129075],[126.98441407095999,37.63626975916946],[126.98546052305208,37.63593485200733],[126.98590513006917,37.635792888239706],[126.98537802483449,37.63597004063173],[126.98441435475628,37.63627033529771],[126.98421546097964,37.6363323125004],[126.98419895293962,37.63633745393276],[126.98446162574085,37.63654765605184],[126.9847446586529,37.63664821825957],[126.98485596899222,37.63681462580909],[126.98493697658913,37.63716490142759],[126.98508458072274,37.63731442134965],[126.98504505943143,37.63752868591432],[126.98496020763349,37.63780713122227],[126.98523383279651,37.63806592029696],[126.98519252920123,37.638302980626285],[126.98529411989261,37.63841843610603],[126.9853941029219,37.63859019433705],[126.98542115640034,37.63876138410362],[126.98544519434684,37.63887541465794],[126.98540779348897,37.63908798642834],[126.98542864525862,37.63928113074751],[126.98553372037114,37.63970123505251],[126.98567650853768,37.640044464298825],[126.9858970606835,37.6401928752045],[126.98595476958289,37.640223858674595],[126.98613281523714,37.640428008118654],[126.98565741442705,37.640740187144495],[126.98526815945588,37.641350265618584],[126.98532973050644,37.641547642003495],[126.98522437391199,37.64163604180256],[126.98513445763525,37.64152058664956],[126.98495637126054,37.641464250980015],[126.98425704695333,37.64164491291518],[126.98400257436211,37.64195711938732],[126.98383097580826,37.642148839411824],[126.9838539358109,37.642365067840814],[126.98387460259,37.64256018758176],[126.9836909015559,37.64303936964317],[126.98324743612027,37.643683501808496],[126.98347275080596,37.643940873399366],[126.98372607876529,37.64405016395949],[126.98381101564367,37.64418615951181],[126.98390235580226,37.64426556844596],[126.9841901852394,37.64442807460627],[126.98419368097844,37.64460348771398],[126.98464320982993,37.64533755988447],[126.98482059888676,37.645368839443826],[126.98479543874599,37.64544597790044],[126.98485826743105,37.6455957834433],[126.98494836519802,37.64567236835995],[126.9851061034587,37.64572842267762],[126.98525796661029,37.64584895018689],[126.98541340676408,37.64594667310893],[126.98556352543987,37.64596556027088],[126.98568054566306,37.64599485721581],[126.98572338808545,37.646056237284185],[126.98571824560113,37.646092843153475],[126.98557944049294,37.64610267230945],[126.98548331682655,37.64600552519737],[126.98510056175884,37.64592945715312],[126.98492915076709,37.646066833084824],[126.98476309960444,37.64675999337937],[126.98481283707297,37.64683687137043],[126.98467878433678,37.6469632583417],[126.98471307565954,37.64725186442274],[126.98460321633921,37.64761251860808],[126.98398093064493,37.648182015958426],[126.9838839823794,37.64860067612159],[126.98401979209649,37.649317530216535],[126.98393720731121,37.649610055896375],[126.98249556553515,37.65054036895217],[126.98229849532616,37.651254080590455],[126.98187379002023,37.65168844372486],[126.98167673392058,37.652316290394694],[126.9810480660441,37.65271261367464],[126.98080571473996,37.65317628429621],[126.9804317542208,37.653787187665216],[126.97994435575217,37.65481505664748],[126.9796583894803,37.65603864676294],[126.98119363655957,37.65648771470276],[126.98285706456828,37.65644969811582],[126.98301026726836,37.657003540956865],[126.98340631969813,37.65723391017933],[126.98374184706863,37.657329410104374],[126.98433548409592,37.65773381019212],[126.98461709417975,37.65822854062961],[126.98602079878265,37.65894332195661],[126.98650997451098,37.65944285854139],[126.98654430439336,37.65948510227756],[126.98727702117154,37.66060014829886],[126.98722526118947,37.660847622039434],[126.9872839954508,37.66117029306782],[126.98736554490263,37.661618258452656],[126.9877510336168,37.66273241219288],[126.98780222711466,37.66359369528723],[126.98803326166077,37.66398902406941],[126.98826853384942,37.66439111095237],[126.9888185592203,37.66446831190516],[126.9894534203153,37.6645300409495],[126.98952921188564,37.66452611097951],[126.98999744880452,37.66449940925541],[126.99123877965125,37.66499365312633],[126.99222479574557,37.66523164600155],[126.99243481751354,37.66538342243643],[126.99274931452211,37.66553266558669],[126.9931232755345,37.66605638247612],[126.99326138955549,37.666189565939895],[126.99401752604923,37.66678313235057],[126.99412942467454,37.667030070326405],[126.99396132926815,37.66733892086075],[126.99356086707098,37.667804022082315],[126.99362531242168,37.667921432321805],[126.99362901930087,37.66801970244115],[126.99383067351017,37.668622800088635],[126.99408672167714,37.669039794729834],[126.99435763283526,37.66956688166192],[126.99435087591755,37.66981099069166],[126.99380270539719,37.67019724676049],[126.99407413102915,37.67276108960284],[126.99354371124068,37.67410294463365],[126.99379608956208,37.6742262865263],[126.99395402407438,37.674785178281255],[126.99395844231802,37.674801224689034],[126.99398163437492,37.67490709194577],[126.99380997124196,37.67525227019514],[126.99319975546122,37.67571988641061],[126.99312536001561,37.67583193542764],[126.9931420016963,37.67591640217985],[126.99315684914795,37.67614192464483],[126.99307249533943,37.676582558376715],[126.99326692360245,37.67700152295592],[126.99312006724703,37.677225341016666],[126.99324754614973,37.67766063666238],[126.9929246941244,37.67882173962651],[126.99243348813381,37.679148305759554],[126.99219785643986,37.67962692737148],[126.99243341489749,37.679759272405825],[126.99351456316627,37.680056958901325],[126.99374215637647,37.680191832363015],[126.9940760277647,37.680324188455494],[126.99417573761018,37.68046215921118],[126.99416669940244,37.68051114567219],[126.99415589014718,37.68056886002162],[126.99417217665713,37.68058800777227],[126.99473255736658,37.68124406509327],[126.99519752115434,37.68133503560201],[126.995503587932,37.681506235309975],[126.99585320938746,37.68186945174983],[126.99635145545147,37.68220423978521],[126.99673776583218,37.68238923397851],[126.99697104484243,37.68264574007135],[126.99697493200644,37.68267868071657],[126.99701866955239,37.68304526850465],[126.99702680514554,37.68311424744883],[126.99731144620054,37.68346620455109],[126.99762125563645,37.68345213213112],[126.99772346237857,37.68355574783642],[126.99775392175661,37.68358644542259],[126.99786162136576,37.683589258039326],[126.99911183346767,37.683842130599594],[126.99943262729971,37.68390688831261],[127.00040209729251,37.68396715966097],[127.00051103238441,37.68397390850897],[127.0009730031863,37.684234913475315],[127.00103872191065,37.68427207982971],[127.00135473387103,37.68430728121568],[127.00168703737741,37.68434415806976],[127.00169041578027,37.68433965304328],[127.00188490868231,37.68408034390395],[127.00190084583342,37.68372276746034],[127.0022400630921,37.683593259855435],[127.00235998346685,37.68367913042374],[127.00274330324153,37.68395392275799],[127.00302230064663,37.6839508210181],[127.00323804949832,37.68394856622361],[127.00325205166256,37.68396039464427],[127.00355336666576,37.684213221066386],[127.00358382862933,37.684238842780616],[127.00373777219973,37.68470537157645],[127.00377710480527,37.68482447146282],[127.00427699736049,37.684941307423635],[127.00452676547852,37.6850888247957],[127.00456697867865,37.685079814854454],[127.00552971892735,37.68486524666734],[127.00605104604952,37.6850538642754],[127.0065112441017,37.68487111951264],[127.00706744600235,37.684764673234675],[127.00766243563274,37.68446816020935],[127.00852545001618,37.68445206591095],[127.0086637924675,37.68444952589089],[127.00866591589548,37.68448556593153],[127.00847485955352,37.6852325347271],[127.00844015206046,37.685431596940006],[127.00858861875075,37.68744075272133],[127.00850964456093,37.68780733358346],[127.008327425346,37.68850672276421],[127.00831930054609,37.68880038559698],[127.00829302719555,37.69011495634092],[127.00806313445392,37.69065611803309],[127.00762104176872,37.69161849301297],[127.00826663592733,37.69215904042656],[127.00971165852228,37.69336342618101],[127.00966648935884,37.69669983518928],[127.01212459637297,37.697377617871275],[127.01387862590683,37.698800689742704],[127.0149614424525,37.700428233240565],[127.01500893563289,37.700526197128426],[127.01519487724967,37.700952172368375],[127.01541538430497,37.701455283983705],[127.01704715417095,37.70127797617227],[127.01779588734233,37.70119650853856],[127.01982735912334,37.70101742382091],[127.02214837735224,37.69972077207909],[127.02338886918137,37.7000707998598],[127.02531548910123,37.69958052605548],[127.02689807051581,37.700251138391145],[127.0270222010809,37.70111548158625],[127.02768762267563,37.70093738592308],[127.02821625409993,37.70028097535831],[127.02831330817443,37.700160449001814],[127.02899134306539,37.699658281814294],[127.02928585352652,37.699291627966296],[127.02960169019784,37.698175199189855],[127.02965469651599,37.697806635525815],[127.02972958687296,37.69627244014816],[127.03016659523956,37.6951982102382],[127.03045432418503,37.69477581083446],[127.03050281145015,37.69463755436836],[127.03068384175596,37.69412283010644],[127.03073834052995,37.69393728096509],[127.03082735050127,37.69368977123535],[127.03097275601381,37.69355684301091],[127.03099341703803,37.69339353613659],[127.03101090398026,37.6932561348012],[127.0310264095745,37.693074531612375],[127.03154060818578,37.692828320352355],[127.03202642602866,37.69295038403003],[127.03216986622981,37.692815211334256],[127.03233965851386,37.6921383137447],[127.03241429515175,37.69183900068359],[127.03359670622068,37.69202141083906],[127.03396199317936,37.69199794028516],[127.0342593633467,37.69222507303905],[127.0349281624647,37.69230850437057],[127.03562553357419,37.692491597787416],[127.0356505019366,37.69247216601582],[127.03577659087692,37.69237414938638],[127.03632867569034,37.69252292616831],[127.03676312584611,37.69263992448771],[127.03700260519668,37.69294590214402],[127.03752802258985,37.69322081801787],[127.03790697985328,37.69327193945973],[127.03849816969027,37.69328583867142],[127.03880784023164,37.69362923472131],[127.03882079527972,37.69369117257782],[127.03883642174411,37.69376577712237],[127.03895009476666,37.693981972975315],[127.03957249601639,37.69404596741035],[127.03991354836946,37.69408133772836],[127.0399405756929,37.69427559541152],[127.0399974775624,37.69468439185862],[127.04083654502487,37.695079415766514],[127.04110878616964,37.69529978122069],[127.041313774166,37.69532308339005],[127.04181288069084,37.69538231572091],[127.04198458710715,37.695126616052605],[127.04202158983024,37.69507141965868],[127.04217270285983,37.69506291614064],[127.04233036934244,37.695053851427765],[127.04307278468178,37.695230966478384],[127.0432201745052,37.69491191706165],[127.04328671974062,37.69476943312902],[127.04339811665454,37.694401680408795],[127.04336946644601,37.69418236768759],[127.04335506062276,37.69407256247438],[127.04315808376985,37.69379305243215],[127.04303751944092,37.69362219084658],[127.04327364250464,37.69357058159454],[127.0437094163912,37.69351073622449],[127.04375016271386,37.69350621779395],[127.04383588549805,37.6934552279867],[127.0438907760616,37.69342282651924],[127.04406581608484,37.69312629179024],[127.04432711069477,37.693098041004546],[127.0445315335449,37.693072344285376],[127.04458396254537,37.693056557304615],[127.04462221681395,37.69303542443111],[127.04466206985666,37.693014020453994],[127.04476514735194,37.692959078289014],[127.0448173907773,37.69293625489916],[127.04483751313627,37.692812923981805],[127.04485322711294,37.692717189724576],[127.0449045995904,37.6924054900969],[127.0450520085593,37.69238974979332],[127.04529608963453,37.692363674961015],[127.04564934602942,37.69238015738564],[127.0456500548481,37.69237030126979],[127.04597340421384,37.69242902075829],[127.04596882406247,37.69246590902213],[127.04604093982864,37.692497136322665],[127.04609781543397,37.69252189152445],[127.04613910741587,37.6925396154978],[127.04620503035592,37.69256352031252],[127.04641960461024,37.69264142760533],[127.04652362177977,37.69268334637432],[127.0467551893574,37.69271732245447],[127.04682059285923,37.692765436619176],[127.04686437577645,37.6928124411301],[127.04696489841895,37.69292051879606],[127.04707831690033,37.69300240919548],[127.04721384627057,37.69299334698141],[127.04727391486665,37.693007964561865],[127.04732852789692,37.693095507610586],[127.04736469704241,37.69315236355843],[127.04744927153777,37.69325031114678],[127.0475267272715,37.69331362774993],[127.04775097967249,37.69326905897232],[127.04781512122563,37.693289864335206],[127.04789136777939,37.69339401317316],[127.04796442503205,37.69349281239206],[127.04806209998827,37.693596664769515],[127.04814119073274,37.69371629119412],[127.04816160674694,37.69378442356897],[127.04818627180998,37.69386014858371],[127.04821131319929,37.693945171648615],[127.04822619237584,37.69394938377095],[127.04823735094088,37.693952478080774],[127.04844165569239,37.694009554108824],[127.04863195950573,37.69406296900288],[127.04872099337577,37.69366397563343],[127.04875350086668,37.69352262743583],[127.0488077389794,37.693281307266965],[127.0489006806389,37.69289300774443],[127.04892011730412,37.692811352851166],[127.04896627776017,37.69269111020359],[127.04907592857474,37.69240613402852],[127.04919903734971,37.69210538529439],[127.04936600534154,37.69168974634168],[127.04951539744631,37.691487247166215],[127.049707971858,37.69122307661376],[127.04996602955606,37.69087018668822],[127.05001285629794,37.690419115948586],[127.04986200646164,37.689720367793385],[127.04975130223981,37.68920713846982],[127.04979176501871,37.68848606833409],[127.04980490112541,37.68825236883094],[127.04982029789386,37.68797700790142],[127.04998498611077,37.68761035350833],[127.050466487509,37.686826878404595],[127.05064341933092,37.68650780740732],[127.05092094618426,37.686158556825475],[127.05108596878662,37.68605516400327],[127.05136825121228,37.685921584810565],[127.05180359025834,37.68581356258196],[127.05180379399562,37.68611595435067],[127.05180379744232,37.6861210183],[127.05180392015227,37.68630262785628],[127.05180412115854,37.68660247964473],[127.05180412604409,37.68660810968171],[127.05180443471846,37.687066758739526],[127.05196733016238,37.68720352689067],[127.05198521949244,37.687218440078915],[127.05206090572668,37.687282880854944],[127.05214456468734,37.687352391589855],[127.05222733896808,37.687420774442614],[127.05239958298328,37.68749840949098],[127.05261930985824,37.6875974214418],[127.05277311288661,37.68766633300901],[127.05280838289713,37.687681237717115],[127.05287412014657,37.687718652575995],[127.05294465553422,37.68776170625296],[127.05296858587579,37.68777464412464],[127.0530267146888,37.68780952972164],[127.05310964727846,37.68785820969277],[127.05317751643422,37.68789871483242],[127.05326701536939,37.687950490940494],[127.05340188348583,37.68802926638151],[127.05347702459301,37.68807343468803],[127.05355748065595,37.6881159160183],[127.05362339853244,37.688150232267496],[127.05366007729269,37.688169360439915],[127.05369215058667,37.68818708649735],[127.05376003102592,37.68822280742449],[127.05385962048793,37.688274569002104],[127.05402354209487,37.688361502574665],[127.054035596611,37.688367128667075],[127.0540866346488,37.68839384612084],[127.0541529145617,37.6884298655408],[127.05419331387739,37.68845152390207],[127.05431275377278,37.68851566486487],[127.05446356545158,37.688596395638235],[127.05463067436084,37.688685858346496],[127.05469040092042,37.68871821306275],[127.05469572032774,37.688722716147986],[127.05476024429741,37.68878772752868],[127.05487281532893,37.68889945067466],[127.05499619719261,37.68902158333284],[127.05509493963405,37.689122052360794],[127.05517879581518,37.68920479557297],[127.05520696973197,37.689204780813554],[127.05522981524547,37.689204771807155],[127.0556190087727,37.68920459305358],[127.05562662786136,37.68920459095697],[127.0557341536313,37.68920454168162],[127.05586471738519,37.68920448005282],[127.056102804131,37.68920437085811],[127.05611414140053,37.689204365121654],[127.05617773448893,37.68920433546097],[127.05622576157653,37.68922261323563],[127.05626243709855,37.68923667665171],[127.05636857527637,37.68927689319559],[127.05646090083083,37.68931175280282],[127.05653816362879,37.68934099939598],[127.05676444740446,37.68942677347754],[127.0568468512653,37.689475441128835],[127.05691171829989,37.68951370151372],[127.056931381275,37.6895193239899],[127.05699039070576,37.68954519928226],[127.057028678306,37.689561794156646],[127.0570611040599,37.68957613182858],[127.05709672621725,37.68959160265877],[127.05714155912575,37.68961101618235],[127.05719082588409,37.68963266885762],[127.05723936168917,37.689634052028616],[127.05727567710085,37.68963516154866],[127.05730632377941,37.68963599396747],[127.05732793387443,37.68963654214866],[127.05735557401863,37.68963737592178],[127.05738798945151,37.68963820780681],[127.05795506204089,37.68965398462389],[127.05817261020303,37.68966992623629],[127.05839033914403,37.68968586757451],[127.0587065230289,37.68987830507281],[127.0588378372435,37.68994130861187],[127.05955309217062,37.69028445463399],[127.05966013397043,37.690331981700616],[127.06061625219756,37.691273867161335],[127.06120919199459,37.69216974443556],[127.06166787417393,37.69241417852585],[127.06174276608367,37.69257237730953],[127.06220905190357,37.692805264495135],[127.0623677941107,37.693024234906105],[127.06237354181914,37.69313515992639],[127.06239478525751,37.69354649384795],[127.06260174770084,37.694243791854994],[127.06273214168365,37.69467590996046],[127.06305928564473,37.69479906348676],[127.0633864330679,37.694921929501575],[127.06458497641854,37.69455387035691],[127.06532568675317,37.69476322574545],[127.06630813799921,37.69444172055593],[127.06757699592474,37.69468033178752],[127.06782740637631,37.69477310747465],[127.0680284025647,37.694481027105525],[127.06829881348717,37.69435727135182],[127.06854829636382,37.69400039959468],[127.06902792238037,37.69386808056242],[127.06915124453431,37.69368950014279],[127.06955737922883,37.693789500336095],[127.06982295034224,37.693981090052915],[127.0706446349645,37.693810832712366],[127.07087909798098,37.69370004748069],[127.07120172062116,37.69371815512476],[127.07265787472208,37.69379949914202],[127.07313814081445,37.693975745443375],[127.0733985087237,37.69410087476954],[127.07378297369985,37.69449368750136],[127.07393034803454,37.69464423022044],[127.07448663750154,37.695009626247206],[127.07490708128222,37.69521967820107],[127.07580958002384,37.69543000367538],[127.07819655293113,37.695986508334904],[127.08110504441512,37.69613746762548],[127.08384356321848,37.69426888963789],[127.0838785968965,37.69279212326148],[127.08390529304425,37.69178245038445],[127.08503124037757,37.690549917671824],[127.08517747668438,37.69038984564234],[127.08653090515685,37.6899122026344],[127.0884538598055,37.6899026381712],[127.09055216189506,37.689570246817226],[127.0923845210367,37.689933182919475],[127.09303699644435,37.689966463701545],[127.09428966306423,37.68913180966175],[127.09509741808647,37.68938484795057],[127.09562967443772,37.689199024022294],[127.0959962350361,37.68907104563507],[127.09558509890213,37.68839508862386],[127.09608102404462,37.68790704209952],[127.0962954963535,37.68716976010327],[127.09642542399095,37.68626418037281],[127.09642338936563,37.685637440901814],[127.09604552349978,37.68519655611388],[127.09581011143308,37.68464039514799],[127.09428785324319,37.68341853667482],[127.09414909349843,37.68308049402016],[127.09388349768217,37.68274172016332],[127.09339252399846,37.68218969271087],[127.09291932781588,37.68155149606124],[127.0929670719711,37.68119754818046],[127.09279508326333,37.680045277943265],[127.09253105346471,37.67951729727604],[127.09217447729154,37.67920954816705],[127.09194683891653,37.67919029785919],[127.09194181306987,37.67869251544766],[127.09218986524063,37.67803011099624],[127.09247987374714,37.67764302780299],[127.09257483960886,37.67752780156086],[127.09261463149792,37.67747455986167],[127.09296818210481,37.677345330881906],[127.09334027586705,37.67688357239501],[127.0935303206098,37.67673871029999],[127.09385400078436,37.676659343492574],[127.09388612114132,37.676142944784544],[127.09401464535068,37.67579709657038],[127.0939630504252,37.67561723089529],[127.09427571366129,37.67465998146271],[127.0946149020516,37.6735363113559],[127.09491967159633,37.67308389938093],[127.09514719459614,37.67289141631029],[127.09575104338559,37.67267301760285],[127.09601920786501,37.671850377708296],[127.09572068120616,37.6713477657232],[127.09580598558075,37.67115989896233],[127.09574898119159,37.67061964045942],[127.09577387797955,37.670561057605205],[127.09601324370786,37.670079413247805],[127.09644753215234,37.66968910586255],[127.09623763499523,37.66882941314312],[127.09497956965154,37.66760003053622],[127.09458090697984,37.666172303230766],[127.09468028305386,37.664921278640016],[127.09541091184379,37.66388964342872],[127.09414239296318,37.66329882417987],[127.09325709462433,37.66197423763791],[127.09217385108111,37.66079254666495],[127.09120718723014,37.6593345552341],[127.09113256147512,37.658243026984344],[127.09189159602371,37.65743495035102],[127.09235192147845,37.65549186261334],[127.0928105684212,37.65456862221426],[127.09286768996716,37.654453657373345],[127.09306659743531,37.65378255752456],[127.0935687064824,37.65331873107047],[127.09391601248896,37.65296172859012],[127.0940081581221,37.65272852926202],[127.09404103725402,37.65254014547657],[127.09403557099795,37.65241851816582],[127.09400018745892,37.65229522001278],[127.0939285274429,37.65219729508448],[127.09372488991727,37.65190070115516],[127.09360148587936,37.651617836244384],[127.0933671163188,37.65122722206656],[127.09334594053188,37.65086008995339],[127.0932661490141,37.65061772613065],[127.09246616125125,37.64970976597687],[127.09271589361968,37.64934637270495],[127.0926377034112,37.64897224936084],[127.09269477498248,37.64857999302565],[127.09291723548279,37.64836105421795],[127.0930690344156,37.647837532637574],[127.09367343066783,37.6475065124396],[127.09383431996703,37.64732196534652],[127.09363268381442,37.646625839783454],[127.09404970765738,37.64611139843681],[127.09436975553697,37.645933763717],[127.09436939314283,37.64592419565143],[127.09447481382716,37.64584977239152],[127.09453812324497,37.645505667544676],[127.0943816388279,37.64495591544364],[127.0945294492533,37.64465650452437],[127.09457024704095,37.64457059945404],[127.09755918521118,37.64396482947759],[127.09890833885527,37.64403439646542],[127.09977286702106,37.64446417570084],[127.10159291796815,37.644772356756306],[127.10280041221962,37.645204919729885],[127.1028826573985,37.64540897489151],[127.10392096392212,37.64549283387978],[127.10531242132207,37.645404329399376],[127.10657665935257,37.64537730845517],[127.10769251642479,37.64496664442672],[127.10786297084147,37.64469282038021],[127.10800640483306,37.64446013111802],[127.10842865058113,37.64396618463796],[127.1086702308035,37.64366554368689],[127.1087121112264,37.6436128537952],[127.10884076722635,37.643452533522925],[127.10904663173518,37.64317782768518],[127.10928889426258,37.64285888582125],[127.10989860361937,37.64248752149314],[127.1103054314735,37.64260230142773],[127.11075157374883,37.64273027921158],[127.11115497712788,37.64256350230563],[127.11125755836659,37.64237532869645],[127.11129022522033,37.642315329789774],[127.1114240222483,37.64208648008341],[127.1115035947565,37.6419486815],[127.11150486237624,37.64165568271567],[127.11145547030921,37.64139555464186],[127.1114438854019,37.64133454135171],[127.1116315458005,37.641172423919],[127.11170063001181,37.64111274269213],[127.11174025732669,37.640825041819454],[127.1117499087416,37.64076804836619],[127.11177644734754,37.64061133234852],[127.11178702740622,37.640579112540145],[127.11209466223752,37.640295476433664],[127.11215123610562,37.64026130942322],[127.11228497320273,37.640180540506435],[127.11215086124427,37.64002155380947],[127.11205065102197,37.63984077660909],[127.11202458317433,37.63982719627405],[127.11176905806776,37.639766511248304],[127.11170936008565,37.63974341190634],[127.11148611882494,37.639723960857914],[127.11130475736508,37.63973801379964],[127.1111517703265,37.639762590542006],[127.11105177474293,37.639726139785274],[127.110914960815,37.639607463887465],[127.11085524221438,37.639539099047774],[127.1106343150152,37.63931177082594],[127.11060475160937,37.639247393153695],[127.11055908267853,37.63914794364052],[127.11055926583366,37.63912596864087],[127.11054953320878,37.63912581545881],[127.11056245525566,37.6390445984548],[127.11057245073307,37.639030804267904],[127.11056363407734,37.63902944293106],[127.11056526100352,37.6389875459935],[127.110613494586,37.63878757459046],[127.11062021777659,37.6387364649523],[127.11076334332328,37.63876428984597],[127.11084969531335,37.63840887652719],[127.11084975212279,37.638408860760656],[127.1108496454123,37.63840849621977],[127.11090357616504,37.638262090788366],[127.11104266220167,37.63820911099996],[127.11155841411265,37.63803255398241],[127.11159874441738,37.637990251589976],[127.1115994096894,37.63798963157799],[127.11168727184777,37.63784611400089],[127.11190465494028,37.63748692580904],[127.11195092434832,37.63740832624987],[127.11197811564924,37.637362973471454],[127.11195119752394,37.6373554020107],[127.112082222128,37.6371328468667],[127.11219889942625,37.637143152110184],[127.11222945350329,37.637096949363894],[127.11231409388336,37.636872472808925],[127.11248346754256,37.63648911728979],[127.11221372352648,37.636284110174195],[127.11225195745439,37.63556441988964],[127.11254888892007,37.63525133942859],[127.11234724037575,37.63475654936616],[127.11240755312755,37.634251106005976],[127.11160259861535,37.63384867267538],[127.11220372321874,37.63264276505221],[127.1116325945727,37.631503282210325],[127.11137144405691,37.631227880741825],[127.11082576727779,37.63078184534009],[127.11015357278538,37.63035505842196],[127.10888503236026,37.629301517110235],[127.10702556946543,37.628048013334386],[127.10590662506215,37.627594861575645],[127.10596379026066,37.627330707527264],[127.10540258373574,37.625727747748286],[127.1050150280397,37.62526549034128],[127.10491465357234,37.62398196202824],[127.10432818178299,37.62327070043147],[127.10406649341775,37.6216531117965],[127.1049093716267,37.62156734199483],[127.10493853439715,37.62141668095931],[127.10538312756938,37.62090189414847],[127.10566226362282,37.62041624472858],[127.10555619046706,37.62037072184036],[127.1055570353688,37.6203434126149],[127.10556180274715,37.620212766307766],[127.10556455751154,37.620156733164386],[127.10575867418459,37.620258489158395],[127.10604091350345,37.620341292016256],[127.10643606994127,37.62055886962733],[127.10665442948307,37.620531646956245],[127.10708547881893,37.620465372302654],[127.10724357910287,37.62050268457591],[127.10724305072564,37.62050662344119],[127.10743047365501,37.620501948757216],[127.10753488219684,37.62049875593688],[127.1079213997209,37.62048377662482],[127.10894619631894,37.620516914849944],[127.10903769485617,37.62051570516647],[127.1091281399548,37.62051477579276],[127.10996730792534,37.62069307781113],[127.11001847715646,37.62070401254366],[127.11017526312436,37.620811419278006],[127.11046176160565,37.62102147869503],[127.11051933029971,37.62105465432809],[127.1109153293721,37.620869865678664],[127.11094186736756,37.620860831925086],[127.111305321117,37.62069183962926],[127.1121431385628,37.62030701568077],[127.11291758495142,37.62015790374966],[127.1133988416749,37.620063133361505],[127.1135055169613,37.62003740910674],[127.11393927508657,37.619895650586365],[127.11441600124294,37.61973584007304],[127.11502134366724,37.619537602737125],[127.11554461638093,37.619614248298646],[127.11571526586773,37.61963435600048],[127.11606173671663,37.61913397632751],[127.1160792314932,37.61911481313807],[127.11620336536535,37.61893309158324],[127.11587328669555,37.61858315468717],[127.11651006647975,37.618235929982426],[127.11714702082817,37.61788843940869],[127.11713561084407,37.61783608441922],[127.11709040998848,37.61767620565384],[127.11702367222584,37.617442286729656],[127.11701600918548,37.61740091195538],[127.11700993425019,37.617368535414855],[127.11701840752207,37.61734740851906],[127.11712241097791,37.61708631127525],[127.11725530395287,37.616734230886635],[127.11699384212254,37.6164557413153],[127.11690521200973,37.61636714570388],[127.11687860799745,37.61632493372912],[127.11667194371589,37.61601542253313],[127.11670351800055,37.61571891456571],[127.11671371892827,37.615671883514715],[127.11673625072366,37.61548406029479],[127.11679111387707,37.615028454128726],[127.11679649398968,37.61495467516989],[127.1166757196205,37.61467295733233],[127.11706104504275,37.614144382156255],[127.11707990874788,37.613979086568584],[127.11708589279553,37.61396022419256],[127.11710406815617,37.61381154379315],[127.1171280083158,37.613611610993615],[127.11715224485934,37.61337677241363],[127.11721588820654,37.612881729746285],[127.11724417173644,37.61262830246637],[127.11737381499647,37.61224525656595],[127.11741673794043,37.61195887506586],[127.1174833358733,37.61177128850444],[127.11737452066818,37.61144451032006],[127.11728722090415,37.61118049926149],[127.11721246766366,37.61101754938726],[127.11704601090295,37.610824002565835],[127.11704139146744,37.61081724949694],[127.11696230093388,37.61070610939147],[127.1168806592749,37.610554715672976],[127.11682807971037,37.61042637733107],[127.1168081479959,37.61035431892487],[127.1167882184927,37.610281971699685],[127.11676444772492,37.61012967377564],[127.1167703716808,37.609844174053066],[127.11678440853984,37.609758288765875],[127.11687784338152,37.60953070002399],[127.11687851195684,37.60950902128914],[127.11671158396753,37.60889848108802],[127.1166980554285,37.60884922022315],[127.11679823287298,37.60886010378631],[127.1172625986271,37.60865242488729],[127.11753821573731,37.60847899479558],[127.11803286735989,37.60817358777604],[127.11828593843516,37.607852631833424],[127.11847720812342,37.60761284581515],[127.1183693881245,37.60734941600858],[127.11833030395555,37.60725485027914],[127.11816492527241,37.60684957152302],[127.1180611814011,37.60659148927664],[127.11803235299995,37.606253640179176],[127.11799814472349,37.605885966091606],[127.11808374812519,37.6056305062159],[127.1180939078697,37.60556687002565],[127.11809584660551,37.6054438303345],[127.11807064160455,37.604938457854715],[127.11804728647753,37.60460229769836],[127.11755497144419,37.604116819322535],[127.11737739677507,37.60393707601009],[127.11701610744704,37.60339486791147],[127.11694471859188,37.60322657134829],[127.11687208732093,37.603052644445675],[127.11673938846543,37.60295141239746],[127.11657500330513,37.602825436589285],[127.11644780379243,37.60272756966574],[127.11636879139785,37.60266739680096],[127.1163779975951,37.602667388766505],[127.11572297970955,37.60210856897953],[127.115706837016,37.60196471533916],[127.11563286023951,37.60184089312134],[127.1155847252503,37.60171818928846],[127.1153841250896,37.60140415573968],[127.11529402841595,37.60127022149497],[127.11510266641913,37.60097590259716],[127.11496451251047,37.60076627686884],[127.11475673058484,37.60061302961106],[127.11410026844888,37.600128533372825],[127.11408220710229,37.60012094622794],[127.11402252434078,37.59996642964997],[127.11404048372,37.59979297430522],[127.11406413579884,37.599520962184144],[127.11445871325449,37.599059958121586],[127.11447092320839,37.59905460280235],[127.11517912298588,37.59807747338978],[127.11548951794295,37.59765428059991],[127.11572697533211,37.59731448757705],[127.116126747597,37.59668172713924],[127.11644341364038,37.596192357260485],[127.11687775807768,37.59549705010725],[127.11675153853865,37.594645453388154],[127.11666476293694,37.594016545303674],[127.11569036901193,37.59362528357031],[127.11552714987822,37.59356012007339],[127.11548573667059,37.59354860994946],[127.11541352581519,37.59353094848957],[127.11518208544261,37.59351033193532],[127.11502848092049,37.59349020703641],[127.11445428453902,37.59343304058093],[127.11426866445164,37.59341604547524],[127.1136656248148,37.593356361959565],[127.11333764784051,37.59325981691833],[127.11309483511374,37.59285685668357],[127.11268536130629,37.59219896667405],[127.11241398118364,37.59185937854065],[127.11214073956677,37.59144546210723],[127.11186075623888,37.59101860284022],[127.11085496466417,37.58942986959655],[127.11067553453809,37.58915579283204],[127.11052379454631,37.58845767035099],[127.11043087572759,37.58807145934145],[127.11029808101425,37.58774554221549],[127.11015467937925,37.58743004198605],[127.11002314387805,37.58663701653147],[127.10998721365631,37.586016217020685],[127.10994450027161,37.58595741233546],[127.10973313078162,37.58524413479471],[127.1093802869858,37.584560555052995],[127.10937676912812,37.584092325291586],[127.10923104283944,37.58386693331508],[127.10906189427652,37.58360523249929],[127.10896693419973,37.5833792260058],[127.10851374762949,37.58326815038835],[127.10843798563673,37.583237522046055],[127.1083416760754,37.583182991788256],[127.1083416439107,37.58316102571299],[127.10781054521239,37.58287573035646],[127.10763059103836,37.58271567879537],[127.10759764965215,37.58268614728309],[127.10741357729286,37.58249485302875],[127.10738311232963,37.582463067518475],[127.10737371998961,37.582450686196395],[127.10724156551953,37.5823148099064],[127.10691494179669,37.582263016323914],[127.10669539089129,37.58212158626945],[127.10647277883278,37.58206321942115],[127.10628696131882,37.58201355210764],[127.10622325411036,37.58199586772208],[127.10613159738142,37.58197201870696],[127.10605267232786,37.58195096996095],[127.1059948100451,37.581936937529974],[127.10587266188516,37.58187707672612],[127.10558396107193,37.58173965197484],[127.10548553550593,37.58169243686995],[127.10542127900756,37.58166208435293],[127.10525593594689,37.58156565377504],[127.10497426764059,37.58140429081923],[127.10434174975849,37.58105486490836],[127.1040017118504,37.580892424845565],[127.10344074316,37.58059529601297],[127.10313650595641,37.58021462164561],[127.1030987582937,37.58016283826902],[127.10290153912676,37.57991523600094],[127.10289462097566,37.57990679229039],[127.1029089720649,37.57978627250501],[127.10297727108019,37.579277434857026],[127.10302558388679,37.57890687246304],[127.10280812192525,37.578596778656674],[127.1027944751388,37.57857679622204],[127.10277782378893,37.57855260225792],[127.10275779929036,37.578528130122365],[127.10259251371892,37.57834271416675],[127.10231846673929,37.578043091187695],[127.10222968431951,37.57792069567238],[127.10195784547132,37.5775523602103],[127.10189270142442,37.577380390712094],[127.10173347728185,37.576966909261486],[127.10147753768283,37.576580269767206],[127.10114378869038,37.57607092766822],[127.1012023867557,37.57557308112669],[127.10124872079487,37.575166193960136],[127.1011619635446,37.57496973467221],[127.10090259507224,37.57439163732015],[127.10091915621116,37.57420410101416],[127.10094942114618,37.57382482169853],[127.10088814274584,37.57376349011317],[127.10088920071708,37.57375926311181],[127.1008928973422,37.57374603263427],[127.10092768663988,37.57344164212771],[127.10093589137693,37.57335519441862],[127.10121911268592,37.57298780396969],[127.1014947233372,37.57262689473105],[127.10164198373079,37.57243333854009],[127.10166491988025,37.57240065727686],[127.1022381870217,37.57215520914656],[127.10260774604568,37.57220697973976],[127.10312996782855,37.5722794581525],[127.10366116548411,37.57191791075971],[127.10367670398426,37.57190732871158],[127.10368393315397,37.57189634907201],[127.10404036361979,37.571529444479545],[127.10423047543429,37.57138765445604],[127.10385375700055,37.57049375105997],[127.10345573518909,37.570050079194765],[127.10334042006853,37.56939808928185],[127.10325715405448,37.56903917112745],[127.1032062716786,37.568821014018745],[127.10309571741773,37.568422413119606],[127.10297930003692,37.56799736471271],[127.1028298052397,37.567442817818126],[127.1027249529069,37.56706421293594],[127.10263424501504,37.5666889745477],[127.10253072912872,37.56625771555788],[127.10244355223945,37.56587346490204],[127.10238698967582,37.56563700317016],[127.10230466545413,37.56518093955437],[127.10225494545007,37.564896332632905],[127.10223856074403,37.564421074368376],[127.10223434908029,37.56431098739566],[127.10184302248382,37.5638228214659],[127.10167110129352,37.56340484558938],[127.10162496162856,37.5632905768731],[127.10163559028187,37.563037444903976],[127.10165262639244,37.56294648372052],[127.10166775840828,37.562632540009695],[127.10165695268611,37.5626103031513],[127.10139974558113,37.56202685194122],[127.10120496463986,37.561579900820036],[127.10116286758532,37.56131329764945],[127.10112237175943,37.561050638324595],[127.10113433999918,37.56100303871372],[127.10115792460931,37.56091601890114],[127.10127774804806,37.560465991474345],[127.10139912923741,37.56025021004031],[127.10154186368239,37.5599983710959],[127.10169431154247,37.559741459422014],[127.10180106607457,37.559567090715696],[127.10185950127872,37.55949382573252],[127.10204502311119,37.55937429533093],[127.1021674419708,37.559278173450416],[127.10234164509494,37.55915048159569],[127.10264831318437,37.55903535168155],[127.10270664819998,37.55901924564623],[127.1028538782978,37.55870799937637],[127.10317058041011,37.55843264667444],[127.10343305602865,37.55820463222106],[127.10365508452378,37.55801269943099],[127.10383876668358,37.55785318339009],[127.10390571221883,37.55779624606993],[127.10404193654206,37.5577096865246],[127.1042767564788,37.55756392812824],[127.10435205219066,37.55740815255683],[127.1043962942436,37.55731013130102],[127.10444991132826,37.557207318891926],[127.10457055471309,37.55697632565239],[127.10465715716417,37.556813791833115],[127.1048288752879,37.55656643700499],[127.10492929849714,37.556421631889485],[127.10540397736338,37.55633533408093],[127.10604044416695,37.556368000604486],[127.10639618926962,37.55646172204384],[127.10664011232093,37.55676615551476],[127.1066806871779,37.556817079786335],[127.10682262460719,37.55690930519522],[127.1068605163788,37.5569340491199],[127.10708051650249,37.55707772152127],[127.10710918985164,37.55709037227701],[127.10714457919721,37.55710609976014],[127.10733697883448,37.55736299806095],[127.10735753321416,37.5573900096141],[127.1075192969866,37.55760666847647],[127.10765101005511,37.557709317641],[127.10804472752378,37.55789450473658],[127.10823975163763,37.5579962565164],[127.10825355938097,37.55800328087976],[127.10830594127977,37.55803083027624],[127.10830770862674,37.55803195567799],[127.10852002071519,37.55822433969051],[127.10853877593141,37.55824150578432],[127.10854338610554,37.55824543862926],[127.10869357265818,37.55827796353571],[127.1089283081449,37.55832984614716],[127.10902153856992,37.5583500238354],[127.1092157674414,37.55839321097557],[127.10932194932501,37.558448020357474],[127.10952882068125,37.5585542653554],[127.10956486458792,37.55853761788307],[127.10962301098603,37.55851081469524],[127.10974918720682,37.558452423859634],[127.10989092491225,37.55838611495226],[127.10991707328309,37.55837427097168],[127.10998687916009,37.55834211418462],[127.1100821632418,37.558318086774115],[127.11024285180974,37.55827964639276],[127.11035015107424,37.558253363786925],[127.11050759656862,37.5582884123885],[127.11080265309413,37.55835430816553],[127.11082688058048,37.55835992575389],[127.11084122545087,37.5583627237455],[127.11084582065673,37.558363845776825],[127.11094347249032,37.558388244556355],[127.11102289352867,37.55840788388315],[127.1110375893579,37.55841096963108],[127.11116831566544,37.55844632047603],[127.11124668663965,37.55846764678001],[127.1112659697826,37.5584729811795],[127.11131284270694,37.55848588448442],[127.11136309129019,37.55849935177488],[127.11137246617419,37.55850187587597],[127.11142218116666,37.558515631859805],[127.11151844642761,37.558559465961594],[127.11164302638409,37.558616498601346],[127.11179467375463,37.558686473623375],[127.11189097415799,37.55874719909045],[127.1120428385804,37.558841382946184],[127.11216090093936,37.558914757039645],[127.11228178511597,37.55899066763248],[127.11229754286559,37.55900050034885],[127.11229985119142,37.55899993138014],[127.11240202087147,37.558971679266485],[127.11242376407195,37.55896547022586],[127.1125015304599,37.558943718160805],[127.11263676573269,37.55890613722829],[127.11271101430559,37.55888495773373],[127.11274335711468,37.55887590781183],[127.11296092022131,37.55879434420471],[127.11305106355675,37.55876075038595],[127.11315940300005,37.55871981616036],[127.11332235579644,37.55865884519798],[127.11336300927704,37.55864360682084],[127.11337961289631,37.55863740057779],[127.11350069203199,37.55859250547182],[127.11355989405624,37.55856964666433],[127.11360071616485,37.55855411993231],[127.1136459619674,37.55853747216917],[127.11365532881798,37.558533805316735],[127.11378028965547,37.55849004271309],[127.11379355602041,37.55848411927051],[127.11384494377535,37.5584432467697],[127.11386366530037,37.55842942571979],[127.11367913750924,37.55813284135616],[127.1135662396943,37.55796260843783],[127.11356316565362,37.557920371684894],[127.1135542668326,37.55788039455467],[127.11352738798023,37.55753354002],[127.11335322339526,37.557185417073406],[127.11333310570971,37.55709702259724],[127.11333165994624,37.5569556852875],[127.11332502132663,37.55689064941652],[127.11332034950851,37.55683856812772],[127.11331466501166,37.55683041015994],[127.11352280598032,37.556830491448345],[127.11396275894705,37.55682219101694],[127.11436520831099,37.55680773415138],[127.11501024986795,37.55677220234083],[127.11522597497692,37.556760163720995],[127.11525258106954,37.55675982351392],[127.11564563262137,37.55769987864105],[127.11730331691457,37.559425642358995],[127.11733926606033,37.559463619087936],[127.11736706312874,37.559479358510885],[127.1174660138238,37.559543727762325],[127.11774196870864,37.559712959974554],[127.11793367616312,37.55983356642928],[127.11832081185597,37.560077569196224],[127.11841781187897,37.560138009930355],[127.1185196045866,37.56020266310189],[127.11868759134562,37.56030809249111],[127.11904233969982,37.560529600260075],[127.11927794301177,37.56067803588835],[127.11954365602256,37.56084388708677],[127.11970633717506,37.56094733831964],[127.11975802043567,37.560979379994365],[127.11981502740745,37.561013677866434],[127.12009649545932,37.561199503581314],[127.12295556921518,37.56348990097434],[127.1257832971286,37.56480859273839],[127.12605940843517,37.564940071737496],[127.1264608426446,37.56513280001977],[127.12740318556759,37.56558650978056],[127.12807612300132,37.56590930908089],[127.12861049299246,37.56616043476153],[127.12929792939602,37.5663714350101],[127.13053980200175,37.56677046421441],[127.1314456561446,37.56706369869465],[127.1320184628466,37.56724326421773],[127.13296837038344,37.56754262526151],[127.13345803255204,37.567701446821815],[127.13394554105442,37.56785322226594],[127.13426636912688,37.56795394347018],[127.13474102620495,37.56802464055258],[127.13528057822091,37.56809526390831],[127.13578262173027,37.56816142077125],[127.13640445931196,37.56824856765347],[127.13706218869156,37.56833847163897],[127.13766579115777,37.568424209074074],[127.1399261155499,37.568426093114184],[127.14558571256735,37.5684311540835],[127.1489498192905,37.568434317085014],[127.15124362853456,37.569795299249954],[127.15236957720404,37.57047258072996],[127.15498133537803,37.572043535679576],[127.1568994432953,37.57295411317804],[127.16084558726419,37.57565266058404],[127.16200695910797,37.5763865275365],[127.16255531312382,37.57673011946412],[127.16674743767011,37.57897566578366],[127.16821741281733,37.57899246467699],[127.16864778198466,37.57899747937354],[127.17025148618887,37.57901688381476],[127.17183748879903,37.579262378505874],[127.17387402703281,37.57988645389439],[127.17390801469415,37.57989737841002],[127.17412290267785,37.57996295335963],[127.17434346333195,37.58002935722595],[127.1745647319318,37.58009773433653],[127.17473962873501,37.58015210486695],[127.17487947614921,37.58019553313455],[127.1750743715276,37.580255784238595],[127.17510641307325,37.58026699847781],[127.17537297665758,37.580413017414664],[127.1756591888475,37.580565762393746],[127.17585099329301,37.580669660141005],[127.17601766199714,37.58076204456339],[127.17616573747308,37.58084262563748],[127.17637881358772,37.58095944866998],[127.17651855481681,37.58103469924372],[127.17715487422413,37.58120071438931],[127.17713994110838,37.58094451537199],[127.17712785960636,37.58069310431464],[127.1771206672037,37.58057204982246],[127.17710879863027,37.58055995717249],[127.17708277001213,37.58047750239124],[127.17710555965499,37.5803910275862],[127.17711776012646,37.58031217296939],[127.1771374554324,37.5801857186613],[127.17713978639803,37.580127438718144],[127.177141248935,37.579992847465995],[127.17714287871569,37.579858263820014],[127.1770938477515,37.57969362824334],[127.17707476859786,37.57962974045758],[127.17706041763826,37.57954472699068],[127.17698864843052,37.57941672300099],[127.17693594260724,37.57934106368074],[127.1768834078039,37.5792656837257],[127.17686443763239,37.57924798162845],[127.1768146188651,37.57920187107089],[127.17676106120257,37.57913945012945],[127.17674101431912,37.57911610777003],[127.17668907750677,37.57906973004174],[127.17662119367566,37.57900929211552],[127.17653751066548,37.57893227527353],[127.17651147543557,37.57891457356443],[127.17638940121478,37.57883141360792],[127.17632617345784,37.57879602628846],[127.17625201626886,37.57877952995776],[127.17617904896628,37.57874303096973],[127.1761087048469,37.57869077044444],[127.17606581237752,37.57865282120817],[127.17603320167736,37.5786258391762],[127.17599346554965,37.57857719008207],[127.1759621121137,37.5785594973102],[127.17591186153342,37.57855168709574],[127.17586160318208,37.57854359901731],[127.17571576489397,37.57850805327205],[127.17566140827662,37.57848561002529],[127.1755914651302,37.578455303666864],[127.17552292319787,37.57841288866527],[127.17544231700873,37.578363173642956],[127.17541546223791,37.578299017736214],[127.17540428008738,37.57820808719762],[127.17539746668345,37.5780918176234],[127.17538618471562,37.5780307380054],[127.17537203806478,37.57795951801124],[127.17536661293404,37.577904340454715],[127.17536098913632,37.5778474783695],[127.17534022862844,37.57774079679598],[127.17533147395886,37.57770533703529],[127.1753302656067,37.57764310781174],[127.1753407840152,37.577600304961045],[127.17535988625441,37.57752340541895],[127.17535804062962,37.57748934166224],[127.1753396678279,37.57742657890663],[127.17532130732963,37.57736353670973],[127.17532433956247,37.577299904183114],[127.17532755229033,37.57723513666083],[127.1753617520592,37.57718694703699],[127.17542140179974,37.577124348218724],[127.17545185393568,37.57706095501717],[127.17549827475968,37.57702034138481],[127.1755124827318,37.57696766812233],[127.17551323312536,37.576910228853755],[127.17551923331756,37.57682715863771],[127.1755246962909,37.57674268298334],[127.17552691891983,37.5767105861584],[127.17552879686605,37.57668130125741],[127.17553652370347,37.57665876505935],[127.17554425968946,37.57663650890764],[127.1755622701167,37.57662156156105],[127.17557315976693,37.57659254238754],[127.1755838822542,37.57656381377822],[127.17558562938534,37.57655113287542],[127.17559154287012,37.576508895537145],[127.17559727528797,37.57646664889855],[127.1756206071391,37.57637989469025],[127.17562374247919,37.57636046461855],[127.17563263467903,37.576304140295456],[127.17563925942976,37.57626189225405],[127.17567619492286,37.576099949106535],[127.1757157111468,37.57589914060615],[127.1757284703525,37.5758363335774],[127.17576396896798,37.57566086782301],[127.175765687079,37.57556288303939],[127.17576257117021,37.575517269424395],[127.1757573643098,37.57548377902947],[127.17575638594096,37.575443516457035],[127.1757384159497,37.57539708744143],[127.17572657823817,37.57532615272219],[127.1757104375558,37.57523438333427],[127.1756986923471,37.57512459733868],[127.17569480503101,37.575049992455725],[127.175683133838,37.57489908469839],[127.17570207610609,37.574832051408286],[127.17572691990631,37.574791470264834],[127.17592472491947,37.574509619866745],[127.17597884281338,37.57442985654176],[127.17602660750572,37.574359401201114],[127.17609222680917,37.57420782202551],[127.17610391141332,37.57413572615252],[127.17613156920568,37.5740889497952],[127.17630852892619,37.57397465915053],[127.17649808775819,37.573801776396586],[127.17656503049585,37.57368427082508],[127.17663678256292,37.573585902402414],[127.176786983203,37.57344799937537],[127.17683868829134,37.573398359728934],[127.17689797582193,37.57333717573898],[127.17694368424021,37.57329403220707],[127.17697435790282,37.57324893687714],[127.17701837546844,37.57316468376949],[127.17704919124432,37.573102982237565],[127.17705410529595,37.57308945174779],[127.17708263007583,37.573035349644805],[127.17708930111621,37.57301253647113],[127.17711354624892,37.572944926032555],[127.177143673763,37.572893073974434],[127.17715883076548,37.57286940102673],[127.1771868661437,37.57283416631075],[127.17719551474458,37.57282429676541],[127.17725426430955,37.572761708807455],[127.17734676875871,37.572611780190506],[127.17738742659311,37.57252330641867],[127.17745533756089,37.572448027421],[127.1775068987299,37.5724093794562],[127.17757133189758,37.57235691846254],[127.17761791719207,37.572310393134856],[127.17764523838413,37.57227093456928],[127.17773117758664,37.57218830248039],[127.1777422872677,37.572171392848816],[127.17781931145778,37.57205809567283],[127.17785550555239,37.57195949299405],[127.17786095332693,37.57194090592249],[127.17787688335474,37.57187020943434],[127.17787314636713,37.57186486121359],[127.17779480655425,37.57179459459544],[127.17779547019879,37.571774032663946],[127.17779704895827,37.57176614684202],[127.17783583862867,37.571491288074256],[127.17783965598022,37.571463693484965],[127.17786009410666,37.5714279025787],[127.17793019116256,37.57130110243997],[127.17793512178906,37.57129376984989],[127.17794163127583,37.571279966399715],[127.17794724574411,37.57126053200833],[127.17797201112947,37.57118334317336],[127.1779823668373,37.57115319945201],[127.1780576863105,37.571066934710856],[127.17817940729797,37.57092850490421],[127.1782127226317,37.57088172034567],[127.17824303649323,37.57083775202426],[127.1782652517422,37.57080731051343],[127.17827299887045,37.570794343331144],[127.17831473499649,37.57071854356124],[127.17832143322435,37.5707072712547],[127.17832193972671,37.57069685460135],[127.17832543835816,37.57067855046708],[127.17832665697544,37.570671780992924],[127.17833711145248,37.570602228654984],[127.17833865303871,37.57058448528352],[127.17834981477624,37.57051745341918],[127.1783625496323,37.57051743420179],[127.1783831749829,37.57041323083324],[127.17839688143128,37.570374351696564],[127.17842007667343,37.57031237429771],[127.17844204311116,37.570252939602554],[127.17847174606254,37.57017236422076],[127.17849827904242,37.57010052470088],[127.17850232223014,37.57008672495277],[127.17851463044022,37.570060523860334],[127.17856941072357,37.56996161064464],[127.17857927231974,37.56994357799026],[127.17859036125803,37.569923008671815],[127.17865270061904,37.56980944591329],[127.17865401781799,37.569768620175154],[127.17867853259959,37.56973789491464],[127.1787416724311,37.569662055307255],[127.1787475001489,37.569656135135645],[127.17875507097162,37.56964570909421],[127.17878647241871,37.569608217100594],[127.17883692038545,37.569550702239695],[127.17890429239475,37.56947345028849],[127.17892386359867,37.56944470689369],[127.17902184788386,37.56929842765662],[127.17903383770263,37.56928095804184],[127.17906344548682,37.569236980424186],[127.17913286048639,37.56912369409773],[127.17914903320072,37.569085098838656],[127.17918103163206,37.56900339345571],[127.17920371745981,37.56894648956103],[127.17921602263408,37.568918316122534],[127.17922017239235,37.5688738187189],[127.17922902385078,37.568802293515354],[127.17923228499815,37.56876483496218],[127.1792456549595,37.56866064250323],[127.17925852857347,37.568567425124066],[127.1792635981414,37.56854292952439],[127.17927895420304,37.568455058562826],[127.17931946443102,37.568312246684286],[127.17933120513771,37.5682657739762],[127.17933974027686,37.56813708044603],[127.17937794478765,37.5679858291502],[127.17943643066968,37.567814274905444],[127.17949654010093,37.567730554654645],[127.17943875180042,37.56760084481616],[127.17943247632668,37.567341820361406],[127.17942959650459,37.56717261030466],[127.17944222087785,37.566903421561584],[127.17946381802302,37.56676570866919],[127.17946533899459,37.56643881891],[127.17946866172197,37.56627015765556],[127.17948272857902,37.56616427092827],[127.17951219284508,37.565836772067],[127.1795341479038,37.56577367039091],[127.17954569504602,37.56572240372617],[127.17954867762167,37.565709731594495],[127.17955128310568,37.565691996580895],[127.17958442165586,37.56549598063428],[127.17966508408188,37.56527933401091],[127.17978427838614,37.56505531430614],[127.17994366957734,37.56485094505299],[127.18010228884886,37.56469500636146],[127.18019417712354,37.564587873030234],[127.18037502650537,37.56426042349099],[127.1804143044599,37.56419617857071],[127.18045712237839,37.56412881950956],[127.18049995264273,37.56406793729127],[127.18062498388335,37.56391964417302],[127.18075582464387,37.56368716018223],[127.1808460305042,37.56346909270657],[127.18099458515161,37.56332274480339],[127.18110010314312,37.56315139807728],[127.18118572971393,37.563016965461635],[127.18127812747892,37.56283042891101],[127.1813173048041,37.56271887169622],[127.18136015148632,37.56259520087894],[127.18139328454573,37.56254475640644],[127.18143526673437,37.5624289700681],[127.1814554826996,37.56237684359557],[127.18151410705265,37.56226751073653],[127.18151874358992,37.5622092273896],[127.18150567507153,37.562144772644615],[127.18153469966795,37.56208109051746],[127.18155541721761,37.562017431638665],[127.18158497858866,37.56195572375665],[127.1816223059886,37.56181403947656],[127.18167074711505,37.561734283340165],[127.18172255921354,37.56158695620286],[127.18175506388766,37.56149821174711],[127.18180121750441,37.56142211608674],[127.18185319873652,37.56134574178464],[127.18188703065819,37.561294720844415],[127.18190991898702,37.561248798840126],[127.18199541947102,37.5609924448323],[127.18197480109424,37.56087619531329],[127.18197036641713,37.56072190795623],[127.18203121123943,37.56050670417337],[127.18204086069565,37.5604058868005],[127.18200754473916,37.56022911873747],[127.18202452108294,37.56015363481281],[127.18202084431694,37.55994782806042],[127.18198424067947,37.55965589963724],[127.1819084176016,37.55938178093244],[127.1818706746935,37.55927540595268],[127.18187139320221,37.55913631857855],[127.18181215380207,37.55898943089836],[127.1817825146384,37.55879773736196],[127.18176077072762,37.55865614459951],[127.18176877682261,37.55845087760996],[127.18173889087652,37.55830704361328],[127.18165662606805,37.55799830113306],[127.18165433748653,37.55793101028032],[127.18158683874958,37.55772839161375],[127.18157142591923,37.55764451486067],[127.18155369609768,37.55755331660415],[127.18158718607764,37.55721510529457],[127.18166499092573,37.55691766076242],[127.18167485813191,37.556827546978305],[127.18167404878582,37.55678729192973],[127.18166987400664,37.55666989004873],[127.1816615767217,37.55652855682944],[127.18165545131444,37.55641030961514],[127.1816847953393,37.55632945607961],[127.18168381251866,37.55599581199022],[127.1816181456172,37.555750392679144],[127.18161618117486,37.55574223371041],[127.18152573163295,37.555483336668274],[127.18151606851603,37.55551234550945],[127.18148672934531,37.555443698172496],[127.18139210743327,37.554921547886565],[127.18148758688476,37.55469474157513],[127.18149537216712,37.55433180171038],[127.18147344161605,37.55410686708056],[127.18146920719312,37.55404043465606],[127.18146645792913,37.553998479912536],[127.18145049168736,37.5537543899616],[127.18143744834059,37.5536997921057],[127.18143099682896,37.55359140251312],[127.181419200887,37.55353792040932],[127.18139998786609,37.55349234145492],[127.18138465504597,37.55344055854838],[127.18135151082818,37.55325843876924],[127.18134037309544,37.55296535283],[127.18142173911895,37.552757714458984],[127.18159481819059,37.55259273943656],[127.18170388961946,37.55250838569247],[127.18200810336778,37.55231871270144],[127.18215905233387,37.552223040424686],[127.18239244369119,37.55207092111062],[127.18262429559262,37.55193794933774],[127.18293311066948,37.5517530510974],[127.18296851352633,37.55162489394584],[127.18303968655655,37.55136856133282],[127.18311908970232,37.55108181515797],[127.18310268256444,37.55065837619335],[127.18302259793374,37.55066412974104],[127.1829585992422,37.55037759714539],[127.18292678412885,37.55023573969218],[127.18290190190207,37.54996548080286],[127.18290396773048,37.54965041024176],[127.18289932256731,37.549629307457096],[127.18289670212431,37.54957130591755],[127.18284455405171,37.549429479639336],[127.1829058820065,37.54927340682264],[127.18292585812341,37.549199324191946],[127.18292760474486,37.54918777916372],[127.1830760206944,37.54863287400698],[127.18288452529957,37.54826826807987],[127.18281950779543,37.548143354930104],[127.18270905189027,37.54794305446871],[127.18270422040311,37.54791997725364],[127.18270364912111,37.54790364304669],[127.18269637713506,37.547896059577184],[127.1826763546786,37.547875809988824],[127.18267373726636,37.54774771130025],[127.1826729537871,37.54763930498764],[127.182669674165,37.54760271215357],[127.18266999308679,37.54758469084602],[127.18265675407373,37.54752445411725],[127.18268249139447,37.54748894272573],[127.18269588636466,37.54747343220411],[127.18272314188056,37.54741032251136],[127.18272662979354,37.54717296842548],[127.18273023267703,37.547053573759634],[127.1827288352451,37.5469158953743],[127.18274546998585,37.54684576425221],[127.18274826903613,37.54683337042672],[127.1827594636321,37.54678351949737],[127.18275116938561,37.54671848999789],[127.18272444131902,37.54670416945461],[127.1827441852807,37.54667936149615],[127.18275459991897,37.54660192314926],[127.1827610724751,37.54649942560211],[127.18279599018439,37.54638983884313],[127.18282541356945,37.546344464429815],[127.18297190771169,37.54624119253996],[127.18354586497352,37.54574617152481],[127.18379492560015,37.54557431023834],[127.18353917025138,37.54517039474186],[127.18313720225184,37.545356273918514],[127.18284654484034,37.54557971694781],[127.18274489571576,37.545514272165434],[127.1824399315228,37.545601170691135],[127.18220242916682,37.5457248626474],[127.1819631664782,37.5461506664918],[127.1816928254423,37.546444748134654],[127.18125643595266,37.54657971510358],[127.17991053501429,37.546574430523975],[127.17971231077196,37.546568252392355],[127.1793312805535,37.54656742180828],[127.17841755516424,37.54627963828571],[127.17829228451987,37.54631670299671],[127.17826131172282,37.54630154961478],[127.17783676304362,37.5461422586877],[127.17762387032258,37.54606204596536],[127.17747999420362,37.546006515447566],[127.17679338484609,37.54575441279676],[127.17678423927644,37.54562293580259],[127.17679913062095,37.54548748654126],[127.17678449599903,37.5454328892502],[127.17674900504085,37.54537775733922],[127.17663752686592,37.54533596245095],[127.17658607529435,37.54533716609412],[127.17646652800207,37.545400691075045],[127.17641002624447,37.54543372424136],[127.17634772322654,37.5454830829579],[127.17628789801692,37.545531599011454],[127.17620102444242,37.54557903025184],[127.17608601631456,37.5456194650931],[127.1759813835432,37.54563651306327],[127.17593801489383,37.54561827835899],[127.1758591041672,37.5455187178658],[127.17576831255003,37.545404265306246],[127.17575084319846,37.54534262541228],[127.17574490035231,37.545293359099105],[127.17571746715218,37.54520809505961],[127.17564201637533,37.54522931649013],[127.17547072368774,37.545240550710055],[127.17538329039363,37.54520238895349],[127.175169241156,37.54523086003129],[127.1750250091824,37.54524965825325],[127.17480707002257,37.545275035511274],[127.17463765043317,37.54525951577547],[127.17447714513494,37.54527805063031],[127.17431470921295,37.54529771378865],[127.17420694149759,37.545411342525036],[127.17417263745794,37.54556146084126],[127.1741379758199,37.54571242867918],[127.17393866408277,37.545616141879314],[127.17390574509548,37.54560042303497],[127.17390588268476,37.5455818434022],[127.17380896455671,37.54556779570756],[127.17361545708262,37.545539749401314],[127.17340689759645,37.54556905656919],[127.17320516203038,37.54556962842873],[127.17307516929108,37.54555659218154],[127.17248226486224,37.54552450309456],[127.17210709274958,37.545534622674126],[127.17178807861112,37.54543456909657],[127.1715717363067,37.54538616336005],[127.17151391542713,37.54530740950781],[127.17106529132263,37.545121667670514],[127.1707403213425,37.545043854596514],[127.17037013092244,37.54490867852259],[127.16998930341691,37.54483404241464],[127.16976362944837,37.544805081833445],[127.16961728620487,37.54482668923423],[127.16938688568027,37.54489599683193],[127.16882272017337,37.545148237479104],[127.16824840498012,37.54512314684792],[127.16819528810267,37.545091965634896],[127.16817050094339,37.54507932409233],[127.16794981520015,37.545059930063665],[127.1675868816814,37.54508831852446],[127.16730351649788,37.54519148283382],[127.16713823563349,37.5452094551135],[127.16707672645924,37.545216011069805],[127.16697821586266,37.545202642061554],[127.16689176743482,37.5451267385803],[127.16684575847142,37.54502994574172],[127.16682390802491,37.54498408075788],[127.16674645919659,37.544818351400714],[127.16680093539338,37.54458880352185],[127.16692375512825,37.54432255959847],[127.16691682937878,37.54430623269439],[127.16689394378666,37.544273324540626],[127.16663735253249,37.544252565288666],[127.16628563452012,37.54430627869396],[127.16616683533705,37.54431263264759],[127.16579452192623,37.54433314568769],[127.16578357507714,37.5443368188242],[127.16568968396615,37.54433413791046],[127.16529872556147,37.54439887603654],[127.16525354755672,37.54443666444529],[127.16518842283632,37.54448687629718],[127.16519745247412,37.54457526932257],[127.16516822519824,37.544632189615754],[127.16488512065229,37.54469452488439],[127.16472687105735,37.54468939064586],[127.16457402372569,37.54473239978262],[127.16446739478886,37.54480913019707],[127.16437040258324,37.54484305204944],[127.16424111755373,37.54482521083717],[127.16404555307196,37.544900658634326],[127.16391452998896,37.54489520576168],[127.16371554741843,37.54493855723932],[127.16348780660783,37.54501573289718],[127.16343176935908,37.545020314328575],[127.16335855492987,37.54501365738768],[127.16331311592504,37.54501654042467],[127.16328183159222,37.545017988872075],[127.16326078679121,37.5450140800533],[127.16323461033986,37.54501157541667],[127.16316984402665,37.54498801287448],[127.16316277851398,37.54499140031115],[127.1629793630779,37.54479738090633],[127.16291463644079,37.544707368655445],[127.1628172948844,37.544579110760864],[127.16282221655938,37.544567562439745],[127.16282026115508,37.544558835424674],[127.16274458156103,37.54447390263871],[127.16271525418303,37.54448577240068],[127.16259148443234,37.544317853218885],[127.16248059851786,37.54414174332754],[127.16218059366628,37.54382708387189],[127.16170951642401,37.54346029110577],[127.16126269982689,37.542949015696955],[127.160916996998,37.54250941125337],[127.16083980765879,37.5423783053484],[127.16069891541636,37.54213579483278],[127.16053598520071,37.54192202963765],[127.16031046804748,37.54162613086522],[127.1600959458533,37.54151492249155],[127.15992401505915,37.54139239284484],[127.1597234577977,37.541356901841894],[127.1596474581466,37.54128351804366],[127.15964569033127,37.54127648430644],[127.15959717027027,37.54108311510662],[127.1595832604939,37.541027946158984],[127.15957292300854,37.54098713746907],[127.15930464114707,37.54086332124443],[127.15925698138805,37.54081439694178],[127.15910156566018,37.540725911005005],[127.1589594374677,37.54048423816684],[127.15845156405321,37.54000316445765],[127.15824718491876,37.53975003986751],[127.15817015093293,37.53968960470884],[127.15797146647742,37.53953388046288],[127.15765144313366,37.53927020419209],[127.15739566482821,37.53895181729984],[127.1573154145364,37.538698238013],[127.157174678209,37.53844135440935],[127.15694081718479,37.538370996717056],[127.15694139437959,37.53796723529586],[127.15689356451063,37.53783524816831],[127.1568696112321,37.537796708618934],[127.15678888873737,37.53765856602492],[127.15671199809148,37.53757813641628],[127.1565405826132,37.53744659137234],[127.15650383208624,37.5374514330296],[127.15637537871001,37.53740203814622],[127.15633835877891,37.53736999343045],[127.15603281190683,37.537342805841085],[127.15594029795355,37.53705967073805],[127.15569675034376,37.53675055263742],[127.15526164370002,37.53621615631648],[127.15522877218798,37.536136803772344],[127.15504872459897,37.53574961049812],[127.15486530083174,37.53535847682739],[127.15452610903421,37.53486928114243],[127.15402137677026,37.53451488787656],[127.15381698145532,37.53397146656528],[127.15356673787608,37.533665451893135],[127.1537562020613,37.532858250781736],[127.15380211103776,37.53266250408688],[127.15384842984678,37.53240059924148],[127.15393354900009,37.53191986303355],[127.15372510371735,37.53156226735404],[127.1536181777181,37.53148413577587],[127.15337674048345,37.531330997061],[127.15332522920909,37.53103457351101],[127.15333829398406,37.53102301480451],[127.1534321131478,37.53091421675558],[127.15353915476116,37.530437112184906],[127.15312893280299,37.529948291849195],[127.15329024229115,37.529468864550736],[127.15323232420327,37.52923749048538],[127.15316382300564,37.52910919572068],[127.15277908453245,37.52880250518171],[127.15268697654696,37.528529504787954],[127.15234848954887,37.52827794740861],[127.15163761011269,37.52770474903052],[127.15135596771434,37.52741368931684],[127.15078266992897,37.526857204170945],[127.15072615191642,37.52678942251997],[127.15040202361101,37.526372841851],[127.14986874890592,37.52620766754485],[127.14947938626383,37.52577849887816],[127.14945529117986,37.52575093219339],[127.14958561255291,37.52533237323733],[127.14959596708282,37.52529378979552],[127.14947629383501,37.52502054103833],[127.14923587349693,37.5248299489118],[127.1492085263871,37.52476381446311],[127.1490254452301,37.524333529822755],[127.14902239642151,37.524222035407185],[127.14900893669618,37.52411985152277],[127.14859563665912,37.523561184167434],[127.148598450989,37.52319177246978],[127.14817918647712,37.522922274892544],[127.14782959637927,37.52239253524897],[127.14779748154271,37.52214986591212],[127.14593254138083,37.52195619444147],[127.1457690042948,37.52194062622461],[127.14575368445296,37.521939391961034],[127.14566577557743,37.521932310301565],[127.14564264539088,37.52158123029284],[127.14558978179825,37.52147908509604],[127.14554329868865,37.521389889100035],[127.14550943396519,37.52133361867536],[127.14548657911219,37.52130774383625],[127.14543782619596,37.521232343041994],[127.14541437756712,37.521167897882435],[127.14539003827873,37.521105136790624],[127.1453400420117,37.5210241080799],[127.14527119082108,37.52087947482163],[127.1452496690086,37.52081163661197],[127.14523912778984,37.520753932608606],[127.14519460254112,37.520670085913885],[127.14514737919087,37.52056005020262],[127.14513139011655,37.52051642510733],[127.1451222952944,37.52047448656654],[127.14511176866937,37.520424377356775],[127.14507777370675,37.52030447928479],[127.14505686321202,37.52027184285697],[127.14500900246547,37.520200948050466],[127.1449777693858,37.52013538460675],[127.14495060009699,37.52007149921228],[127.14491453825269,37.51997186665122],[127.14488522030148,37.51989588587339],[127.1448441867682,37.51978697003112],[127.14480456108988,37.51967439168396],[127.14478590316669,37.519624580920976],[127.14480104338493,37.519591333820635],[127.14479268561236,37.51956881981847],[127.14480304550418,37.519531929578015],[127.14478703872064,37.51947901461121],[127.14479791465288,37.51943394360136],[127.14480065906042,37.519389736621896],[127.14482673115837,37.519254277208475],[127.14482988254511,37.519144748213954],[127.1448414800037,37.51911122583168],[127.14483765512009,37.518867682838895],[127.14480495598043,37.51877452290294],[127.1448627881021,37.51860664369205],[127.14488468085737,37.51850243483158],[127.14490231678406,37.518390077606945],[127.14488636617432,37.518366444888215],[127.1448751702991,37.518243698389746],[127.14487000177604,37.51813135896965],[127.14482728065887,37.51797373578166],[127.14485566055362,37.51774760708129],[127.14491332449242,37.51758733142911],[127.14496902695376,37.5174124148594],[127.14501124167296,37.517311849038755],[127.14508302946214,37.51714394340011],[127.14507160058903,37.517081733183176],[127.14507242406795,37.516957009258945],[127.14509048701528,37.51688574423049],[127.14509382137571,37.516872225053746],[127.14508092646514,37.51687252849724],[127.1450919861994,37.51683534103697],[127.14511230684283,37.51683307332606],[127.14512178197744,37.51679504818012],[127.1451228209855,37.51678828890436],[127.14526536050413,37.51664367763075],[127.14532890739338,37.516607551112145],[127.14538970628668,37.51651371971936],[127.14543408794052,37.516428918075526],[127.14544432215969,37.51633317548202],[127.14543397615519,37.516188469153946],[127.14542929260845,37.51614032609547],[127.14543921475969,37.51606513547686],[127.1453178582782,37.51600699750487],[127.14519789883879,37.51593478481034],[127.14510858491631,37.515905332324856],[127.14502401848861,37.51586206886286],[127.14494450780298,37.51577769710033],[127.14489983731251,37.515710465313845],[127.1448543474892,37.51567841840599],[127.14475443179991,37.515645878261736],[127.14460359928053,37.51560664249908],[127.14450783304453,37.51561492118601],[127.14444473342556,37.51561218737962],[127.14429028303155,37.5156267352852],[127.14412116172292,37.515633975754106],[127.14398204997813,37.51562485486325],[127.14388275400493,37.51563960642844],[127.14364745711356,37.51560977037149],[127.14337416465634,37.515577996496305],[127.1430532490589,37.51559949948736],[127.1428742208674,37.515602535371535],[127.14262462733419,37.51558424508283],[127.14241420393208,37.51562025731899],[127.14213625982916,37.51565324897508],[127.14204590828005,37.51563646420176],[127.14182996224474,37.51565304564679],[127.14174565877079,37.51564610899787],[127.1417049188653,37.51559942269024],[127.14118662074031,37.515547661670034],[127.14080845970342,37.515575416954285],[127.14061443009632,37.51558916245261],[127.14061558870068,37.51554861524582],[127.14075466186418,37.51544708906061],[127.1409468577497,37.51529876701937],[127.1411751929253,37.51510225105652],[127.1412097205467,37.51504476222459],[127.14137129177728,37.514967986505695],[127.14154513011879,37.51493062286779],[127.1416684175865,37.5148924641548],[127.14176689937236,37.51481688999749],[127.14200212996205,37.514716931912425],[127.1421052355542,37.51466049677276],[127.14220774720776,37.51456887017908],[127.14233519925195,37.5144907282875],[127.14257107836532,37.51436346010515],[127.14258327184388,37.5143634463896],[127.1425947643157,37.51436343220212],[127.1426056998801,37.51435666218082],[127.14264206940219,37.51433465963676],[127.14272549297607,37.514241920753406],[127.14282770994714,37.51418098043978],[127.14284535738192,37.51417054416053],[127.1429190950018,37.51409865610707],[127.1430301688974,37.51404531075618],[127.14311209852299,37.514005793749035],[127.1433255614439,37.51389939158478],[127.1434299841435,37.51388067894686],[127.1433946171796,37.51387002641768],[127.14339891112057,37.5137123464924],[127.14337271508417,37.513694915781414],[127.14340237231406,37.513677429241135],[127.14343300685903,37.51361347421829],[127.14342427808552,37.51357350007947],[127.143403005481,37.513545369034354],[127.14337235549662,37.51350458215968],[127.14336307020338,37.51345138081306],[127.14336675413283,37.51343758160801],[127.14340675419017,37.51327873258401],[127.14342428515386,37.513206632139386],[127.14341443883603,37.513137655298635],[127.14346764908534,37.51305706871389],[127.1434747918,37.512904736535205],[127.14352840021976,37.51265717778074],[127.1428847132619,37.51273368762067],[127.14269305846337,37.51269478755757],[127.14259560443254,37.51265294399732],[127.14221133583611,37.51252811043668],[127.14207521692758,37.51250687279318],[127.14191642745598,37.51246032829259],[127.14158375393355,37.5124283416426],[127.14151074779116,37.512418850120305],[127.14143967089699,37.51240063468336],[127.14138745623842,37.512355925297285],[127.1412780298271,37.512152772675954],[127.14123773899009,37.511677544778316],[127.14119111590738,37.51150724830067],[127.14115018280535,37.51125896488849],[127.14110504606204,37.51112724696742],[127.14112316798888,37.51108583417014],[127.14122046728174,37.5110468685309],[127.14121947838015,37.51098914248372],[127.1412172341008,37.51082302711627],[127.1411729297112,37.51076141638862],[127.14094693827514,37.51039819339432],[127.14080055206335,37.5103707691312],[127.14072045960445,37.51035003367838],[127.14065679023822,37.510324483186665],[127.14055151074133,37.51025618562468],[127.14044772298483,37.51023068402571],[127.14034309281932,37.51022517540509],[127.1403439438304,37.51020772238936],[127.1403669134454,37.510109143856525],[127.14035532854886,37.510053133899504],[127.1402922182505,37.50994987282741],[127.14023778507521,37.50985391769117],[127.14024302585653,37.50972806061292],[127.14024475076393,37.509608675203665],[127.14024542033071,37.50958615038076],[127.14023717914105,37.50952618843374],[127.1402006758264,37.50937756730999],[127.14017811059132,37.50930889416091],[127.14017002868113,37.509238786883465],[127.14013851362604,37.50911409086257],[127.14012031027595,37.50911045339764],[127.1401173747256,37.50905301847261],[127.14008527652402,37.50899702355054],[127.14006354603289,37.50890441657812],[127.1400104448736,37.508763698277605],[127.13996586223699,37.50864127849453],[127.1399349030889,37.5085238972055],[127.14001389533408,37.508524931279034],[127.1400619001808,37.50849080781548],[127.14009949088805,37.50846429249269],[127.14030931710386,37.50830496538974],[127.14032056979995,37.50827398567024],[127.14038088010025,37.50810582377786],[127.1403816145765,37.50802585004819],[127.14032566131708,37.5078730364561],[127.14031496659472,37.507826024638696],[127.14034717685054,37.50775193539214],[127.14050972098764,37.507639965831906],[127.14054525163057,37.50764358169642],[127.14056734527148,37.50764580880372],[127.14068741449925,37.50759273391657],[127.14075148681333,37.50755014881492],[127.14088488220253,37.50743792558447],[127.14114306523503,37.507157464045875],[127.14125652531352,37.50706047225928],[127.14135350172067,37.506948302370255],[127.14147954169961,37.50677921437061],[127.1415166967228,37.50670849679426],[127.14151314776517,37.506702591197424],[127.14150713219168,37.50669752479108],[127.14142551618498,37.50661709972634],[127.14133624204969,37.506504300500325],[127.14126857353304,37.506419066476184],[127.14117790921573,37.50631921777088],[127.1409971956084,37.506164288592096],[127.14081289721535,37.50597896360557],[127.14089503674562,37.50586792626983],[127.14096272514689,37.50577549384099],[127.14104429264198,37.50564306823548],[127.14101219494694,37.50548458551048],[127.14104844570637,37.5054071100595],[127.14108717311461,37.505420580358944],[127.14113196110138,37.5054641709137],[127.14119483648228,37.50544297659114],[127.14120277819694,37.50543846309944],[127.14125079086035,37.505409682183185],[127.14134312772525,37.50536396476565],[127.14138814536878,37.50534166643688],[127.14144484108223,37.505324146358106],[127.14152590672953,37.50529870546992],[127.14212260497499,37.505076126190275],[127.14223303443637,37.50488481138955],[127.14247954834683,37.50478738175935],[127.14270186488159,37.504699557165914],[127.14288956773285,37.50462555834599],[127.14342407386803,37.50441402997816],[127.14359600654797,37.50440987809703],[127.14370521496193,37.50440693361663],[127.14387643494982,37.504402783028695],[127.14392484860707,37.50440131869326],[127.14410331527891,37.50439687768663],[127.14439432086158,37.50427854924815],[127.14441551064124,37.50426980132474],[127.14451085415969,37.50423110594517],[127.14454722970909,37.504216140818954],[127.14487378906028,37.50403048165129],[127.14512618707953,37.50369117643217],[127.14512611218696,37.50355687365904],[127.14516463272376,37.50355710435545],[127.14520120651554,37.503557061270506],[127.14519700768177,37.50357930322445],[127.14520331350536,37.503641526787696],[127.1452465101407,37.50359191933968],[127.145277023797,37.50355696822939],[127.14534062799538,37.50355717131165],[127.14535001662699,37.50356419627466],[127.14541602579155,37.503614237794025],[127.1454475968858,37.503576745931895],[127.14546398098466,37.50355730008086],[127.14558263863239,37.50341637497488],[127.14553461626211,37.50335055262617],[127.14550255023156,37.50330610020946],[127.14595211458052,37.50322728153801],[127.14623945674496,37.50322974112777],[127.14634059147902,37.50335154018216],[127.14649998572453,37.503356686383],[127.14654222982605,37.50335804072127],[127.14657819432381,37.5033177399931],[127.1465094816402,37.50323786148095],[127.14686541811973,37.503260227226086],[127.14716224848124,37.5033721708362],[127.14719433238115,37.503384278034616],[127.14769496890251,37.50321246032292],[127.14798710391463,37.503502958594346],[127.14805387207704,37.50357776689606],[127.14860248355915,37.50372321750483],[127.14904515955106,37.50400112897759],[127.1495143742826,37.50429703308172],[127.1502046186272,37.50474243902627],[127.15051400648169,37.50437489242155],[127.15082439511929,37.50406196162909],[127.15097189504387,37.50394324108704],[127.15133003115157,37.503654747270744],[127.15165377856871,37.5033961460917],[127.1521091881842,37.50297069190704],[127.15225993445384,37.50297894290818],[127.15239755351706,37.50304408931777],[127.15250066759958,37.503092107549094],[127.15284429457171,37.50305562809315],[127.1530624478621,37.502840802026874],[127.1532308798352,37.502679812290005],[127.15370088972416,37.50266766515056],[127.15378217985726,37.502666714009145],[127.15395410924202,37.50266423928532],[127.15441680153157,37.5025293293585],[127.15581715971298,37.50207983086745],[127.15643800693546,37.5018594004461],[127.15655506119575,37.50189443919514],[127.15772928706616,37.50317934658566],[127.15886616555609,37.5023905902108],[127.15907449291626,37.50187956407536],[127.15932139787033,37.50148392181977],[127.15939694764818,37.501363032872035],[127.16050431658245,37.50109490685224],[127.16121953800035,37.50039566949395],[127.16125780139672,37.500276235358946],[127.16139035297738,37.50020144315181],[127.16143113685436,37.50002287416595],[127.16140640732011,37.499945196103305],[127.16138789223487,37.49971068203286],[127.16142021354283,37.49970585524996],[127.16139125939658,37.49963494124579],[127.16136781675515,37.49957753321409],[127.16135447914704,37.499537854610104],[127.16125097457153,37.49939129382878],[127.16106937258496,37.49924512727859],[127.16101136633945,37.49914215851286],[127.1610107961508,37.49913509407507],[127.16100520056224,37.49906614005702],[127.16095325031951,37.49898286688689],[127.16088456631313,37.49892664815557],[127.16080770812309,37.49884510295037],[127.16075451151299,37.49875901265414],[127.16068144963255,37.49863269125547],[127.1606330314168,37.49854969380655],[127.16060980258197,37.49842724331137],[127.16060891764525,37.498254929405256],[127.16060982557445,37.49810176690308],[127.1605928623193,37.49793679033366],[127.16058178733162,37.49779630291972],[127.16058367435966,37.49776871180545],[127.16058500944773,37.49773125549745],[127.16058938811142,37.497631582315435],[127.16056660935094,37.4975553070303],[127.16048773556076,37.49743968787865],[127.1603691712427,37.49735651509651],[127.16027121744759,37.497238948431686],[127.16009697654466,37.49714710995538],[127.16000848536247,37.49708190700385],[127.15990239771507,37.49696238724995],[127.15977947685967,37.49682402365477],[127.15976499544523,37.49665960973254],[127.15976295163715,37.496612878647895],[127.1597373692479,37.49654786930736],[127.15978387227823,37.49639379060608],[127.15979210161879,37.49636027120981],[127.15981094815736,37.496245089755824],[127.15985121881114,37.49615550402175],[127.1598300412499,37.49600094707235],[127.15987416775243,37.49580942662848],[127.15986471019164,37.49568414600826],[127.15989505461884,37.49557908570278],[127.15997441463855,37.4954232683928],[127.15996546061005,37.49528025573595],[127.15997424065644,37.49517015063665],[127.15997327349692,37.495049642779925],[127.15998230283171,37.49497135293037],[127.16001831691014,37.49470804217461],[127.16002122643069,37.494581338689585],[127.1600262640526,37.494374950108714],[127.15995615845638,37.49422750493011],[127.15988129795343,37.49408203095372],[127.1598106408257,37.49392417198257],[127.15978339306658,37.493819466808105],[127.15975704445783,37.4936418348653],[127.1597455457876,37.49363706606884],[127.15971749089394,37.49357318672934],[127.15970489770345,37.493547299522135],[127.15965200908836,37.49343475455266],[127.1595170298521,37.4932749991044],[127.15936805214875,37.49317440298366],[127.15931850162225,37.493137022741706],[127.15925623750465,37.49310275156025],[127.15918372089324,37.493064835192165],[127.15905482796309,37.492938867093216],[127.15900737251809,37.492891628600574],[127.15889896174119,37.492755784861224],[127.15887344723838,37.49272062655904],[127.15865091691309,37.49242697019859],[127.15853874088812,37.49218272438958],[127.15850957441663,37.492094915569425],[127.15847944468726,37.49204793214497],[127.15845751987351,37.49195644724455],[127.15846775995944,37.49194883858288],[127.15836082047187,37.49159083255788],[127.15831855940905,37.49140393152459],[127.1582871957042,37.49127613917107],[127.15826025620876,37.49114975643218],[127.1582697090683,37.491025008370976],[127.15828018888848,37.49088336765568],[127.15828540090384,37.49075834710058],[127.15827361928,37.49069895801208],[127.15823544458424,37.49061228826256],[127.15818462412497,37.490555755378075],[127.15817024345219,37.49051917618254],[127.15816068441957,37.49051130450143],[127.15808192758213,37.490446365882825],[127.15807325118467,37.49043934005884],[127.15797655807984,37.49037386677311],[127.15782741058229,37.49030199323619],[127.15769647142996,37.49021534608032],[127.15751840540553,37.490091576760776],[127.15738637743047,37.48999210046146],[127.15734532657275,37.48997551989035],[127.1572823190581,37.489950070914205],[127.15731681479414,37.48994863789212],[127.15732440585715,37.489950483941115],[127.15735665485764,37.48996158677401],[127.15759062988366,37.489908866788326],[127.15791826263562,37.48989383734962],[127.1581658948003,37.48989454543932],[127.15838209058465,37.48989430365172],[127.15840342760613,37.48982405141568],[127.15840682483318,37.48979942258644],[127.15842588357458,37.489802244435985],[127.1584619631129,37.48973096348932],[127.15851360244915,37.48966557241368],[127.15839724841312,37.48959437680666],[127.15838470704699,37.48958280660339],[127.15816702315838,37.4894656230882],[127.15759688244755,37.48919128441389],[127.15725670508061,37.48901187574389],[127.15705637156951,37.488884621149694],[127.15662757647497,37.488658457274646],[127.15642724370598,37.48857439553282],[127.15545167116974,37.488059992339124],[127.15550457562023,37.48799325842056],[127.15547235952553,37.48797560476539],[127.15534133269702,37.48793663598746],[127.15495306147824,37.48772386579475],[127.1537412465313,37.48705978283868],[127.15358690773863,37.48692058786234],[127.15316245205373,37.48668808972087],[127.15296328665218,37.486600867070685],[127.15253126021325,37.486365171803875],[127.1519146261742,37.48602875717394],[127.15169542277101,37.48590916572544],[127.1515643902138,37.48587020175773],[127.1504301999438,37.485248892257175],[127.14992170615048,37.484905728294834],[127.14946595441123,37.48442683244895],[127.14909469754353,37.483882668936616],[127.14868305120143,37.484043191053],[127.1482251994432,37.48336825323353],[127.14819052662453,37.48326028431826],[127.14809126173243,37.48310644449825],[127.14805863155308,37.48306584082905],[127.14788919412644,37.48281605918208],[127.14777037560927,37.48262416700767],[127.14766978194544,37.482425764959935],[127.14758794654587,37.48222195164641],[127.14752532372964,37.48201386180559],[127.14748229998065,37.48180263926104],[127.14745906962011,37.48158945509552],[127.14728211115823,37.47873962663475],[127.14724152025077,37.478632971105185],[127.14721728543564,37.47823929295942],[127.14715916268648,37.47729511243609],[127.14714532953985,37.47722179696362],[127.14581494120195,37.47727422994153],[127.14437047303531,37.47733114195834],[127.14433265126644,37.47672247995187],[127.1443209890501,37.47661216638394],[127.14429982079514,37.476502747281245],[127.14426921538501,37.47639475414663],[127.14422281660856,37.47627488685255],[127.14418039808402,37.47618509918299],[127.14413733445919,37.476108788289615],[127.1441235106011,37.476084291686725],[127.1440405048809,37.47595198961161],[127.14394542283489,37.47580042059146],[127.14376119039956,37.47550672667876],[127.14371476510152,37.47542584555158],[127.14367543508304,37.475342613264296],[127.14364342716006,37.475257416981954],[127.14361885511173,37.475170653014395],[127.14360185537628,37.475082744673145],[127.1435925078822,37.47499412434629],[127.14352658768851,37.47393041745805],[127.14096348298354,37.47403127367802],[127.1405771143591,37.47401941228806],[127.14009984281314,37.47403818223081],[127.13996602922292,37.47407051387406],[127.13956003705307,37.47408663742564],[127.13911958707595,37.4741041278467],[127.13833405043337,37.47413506135863],[127.13819772030388,37.47412690287523],[127.13807999883385,37.47413153498173],[127.1375072959791,37.47415393663113],[127.13684251726268,37.47415318611929],[127.13677216566381,37.47415591700213],[127.13639695170743,37.47417048121013],[127.13626313628993,37.474202817673024],[127.13587801504255,37.47421844709364],[127.13546828233446,37.474240211955475],[127.13528730828085,37.47425704946366],[127.13528289205419,37.4742656500238],[127.13506038512996,37.47429618437553],[127.13433918599628,37.47441271292433],[127.13401216648796,37.474469913469626],[127.13366055186535,37.474531414954704],[127.13352077087613,37.47452820143713],[127.13313009860158,37.474596545740475],[127.13312242713937,37.47457985871459],[127.13285604904866,37.47462645758575],[127.13273924545503,37.47455537213996],[127.13272657562314,37.47437606875411],[127.13271387415898,37.47436619886259],[127.13268704252978,37.47428578717262],[127.13259256358691,37.47279498543769],[127.13260071128771,37.4725278291697],[127.132623541552,37.47239535647572],[127.13265873077015,37.472264608994394],[127.1326973905668,37.472159833550286],[127.13275918643579,37.471994322846236],[127.13280016170394,37.471849792558416],[127.13282884546038,37.471703401826495],[127.13284511691651,37.47153776144278],[127.13282423602107,37.47120092678265],[127.13265674841733,37.47120752790889],[127.13264080679562,37.4710832793072],[127.13261552942203,37.47096000513102],[127.13258103020408,37.47083817376944],[127.13255080401943,37.47075996900329],[127.13253354046944,37.47071530262514],[127.13250425603186,37.47064712917961],[127.13247725154814,37.470589855332925],[127.13245842084955,37.47055239448409],[127.1324292720565,37.47049710520765],[127.13237847208512,37.47040751169459],[127.13233119637219,37.47032926689258],[127.13226703771714,37.47022833548008],[127.13198277646599,37.46979824058187],[127.13199637244456,37.46975092291791],[127.13201358687108,37.46970423195822],[127.13203419428042,37.46965852835164],[127.13205830770981,37.46961381197145],[127.13208558849628,37.4695703534905],[127.13216713685496,37.469466017318766],[127.13224370704877,37.46935934398846],[127.13231924520412,37.46924438252159],[127.13234980328443,37.46913568773224],[127.13241484827941,37.46903227065563],[127.13249834718984,37.46888026902515],[127.13255718046024,37.46878028256239],[127.13270532805693,37.46854469509832],[127.1327996003443,37.468393663376254],[127.13213230252659,37.46822812268146],[127.13204500531246,37.468204513743935],[127.13195934111906,37.46817738001684],[127.13187464258021,37.468146469959095],[127.1317952909054,37.46811554493587],[127.13164954893585,37.46805849246833],[127.13101155994153,37.467808740778345],[127.13091959655254,37.46777290950633],[127.13087554100812,37.4677575686043],[127.1308300098743,37.46774525667118],[127.13078324070051,37.467736072556065],[127.13073584403578,37.467730096679965],[127.1306878990487,37.467727355985915],[127.13063981269181,37.46772785903847],[127.13058463490036,37.46773271265243],[127.13054470801573,37.4677386217839],[127.13018921589159,37.46780390860253],[127.12930302356982,37.46796665438129],[127.12926815508861,37.467975927363504],[127.12920104971985,37.467999813402734],[127.12916910656456,37.46801432703361],[127.12906221307995,37.46806612399541],[127.1289732668214,37.46810921583387],[127.12873880969195,37.468222832694615],[127.12862836343692,37.46827303831176],[127.12851406381938,37.46831743649592],[127.12839639659919,37.46835582849405],[127.12826831047175,37.46838965445436],[127.12822911054448,37.468397949681815],[127.1275717798345,37.468521955567255],[127.12716324096988,37.468596259411946],[127.12691984499665,37.46864052681143],[127.12683270062398,37.46858589232404],[127.12666723508636,37.468625107936745],[127.12666602681088,37.46862580522061],[127.12637309742155,37.46879252230358],[127.12602460159007,37.4691062764436],[127.12570136923269,37.46931863158009],[127.1255182222868,37.46943088053272],[127.12537458633251,37.46951747387544],[127.12531493677979,37.46955329813864],[127.12530453571674,37.46955949891078],[127.12520306634738,37.46962014366782],[127.12510096653997,37.46961405090463],[127.12494339180033,37.46960352052324],[127.124878393091,37.46959767735788],[127.12485141101199,37.46952365259778],[127.12493720317936,37.46949174939888],[127.1248976472213,37.469385922358434],[127.12494871286752,37.4692926689253],[127.12496554048178,37.469215219356045],[127.12501557559051,37.46902990211095],[127.12503159156765,37.46899497272478],[127.12504587669466,37.46898002810752],[127.1251682551856,37.46875183714062],[127.1251416703782,37.468589685654976],[127.12513793404486,37.46846917876046],[127.12515747298522,37.46842438918064],[127.12518207850259,37.46835284975016],[127.12517411496157,37.46802032511954],[127.12519942155967,37.46783362930878],[127.12513269468612,37.46775148153478],[127.12510372845541,37.46774756609394],[127.12507234889338,37.46767889797952],[127.1250805157432,37.46759414130064],[127.12506961022318,37.467518972096144],[127.12506763184776,37.46749842209913],[127.12506035967021,37.46747590447132],[127.1250790562372,37.467462091748594],[127.12510287155855,37.46744770385104],[127.12506756875891,37.46735032358357],[127.12506525474602,37.46733990189226],[127.12504799643746,37.46726502831189],[127.12500541530902,37.46725155864298],[127.12498827400425,37.467248756793296],[127.12493838615062,37.467199253809255],[127.124898019072,37.4671441084242],[127.12486702835774,37.46709177545291],[127.12484998958543,37.46704139083879],[127.1248359992687,37.467015500900274],[127.12482731900572,37.46700199410302],[127.12475935600797,37.46691675088874],[127.12472469607694,37.46688862990581],[127.12457759075932,37.46680093571784],[127.12457051535803,37.46679390597122],[127.1245314191952,37.46675509516527],[127.12452850166659,37.46669906571381],[127.12448814620203,37.46664391967215],[127.12420693219676,37.46652088346966],[127.12414331794548,37.46649561408783],[127.12391601892953,37.46639729803706],[127.12376702170172,37.46633382214664],[127.12361385333107,37.466199677492206],[127.12360747849289,37.46619405280291],[127.12342678105274,37.46607851488229],[127.12331577727986,37.46602202757169],[127.12320230801915,37.46597906710043],[127.12311619493244,37.46591523908588],[127.12308525805167,37.46589528712713],[127.12306032719147,37.465877012472774],[127.12303680705159,37.4658654866098],[127.12300288184501,37.46584975410431],[127.12293782667483,37.465819412038485],[127.12288792123758,37.46575724035755],[127.12285821144003,37.46573389727568],[127.12283116398281,37.465714220635434],[127.12282490914194,37.465670304152454],[127.12278540664781,37.46560248917686],[127.12273631200443,37.46560084539113],[127.12268915131156,37.46559920005792],[127.12259296300998,37.46553369728981],[127.12252170427864,37.46548478300125],[127.12250844257056,37.46547521863005],[127.1224357679719,37.46542377237432],[127.12239898253468,37.46539452820882],[127.12231869196206,37.4653306929082],[127.12229924630515,37.46531409817881],[127.1222348707498,37.46526460880316],[127.12218004940684,37.46522271506193],[127.12215107339149,37.465212328544865],[127.12202562181503,37.465182047010735],[127.12195777133151,37.46516437588573],[127.1218593557687,37.4651388514437],[127.12185952895176,37.46513406623719],[127.12166413885532,37.46477695529319],[127.12143936533782,37.46437229883151],[127.1213544913405,37.46431100803722],[127.12109315421813,37.46412571967324],[127.12074573221187,37.46389181108296],[127.12010434546941,37.4634931945121],[127.11920427154048,37.4631266555606],[127.1183263515032,37.46269504454804],[127.11747484931625,37.46220060992334],[127.11747077078849,37.46219498298165],[127.11711993872152,37.46167753845146],[127.11698929319066,37.4614845089039],[127.11693965681326,37.4609003088706],[127.11690773715615,37.46047320955522],[127.11689968084282,37.46040113731146],[127.11690197554235,37.4602837254666],[127.1169064268405,37.46007704925063],[127.11690524548318,37.459771276409995],[127.11690679740941,37.45928754237911],[127.11689609312798,37.458640523868624],[127.1166970280379,37.45862325720435],[127.11623941072205,37.45859611409353],[127.1158929101691,37.458591944938995],[127.11582618635593,37.45861058833106],[127.11572979252546,37.45863658425872],[127.11568690149188,37.458647329524226],[127.11557709860065,37.45867756519645],[127.11549606694756,37.458697917390054],[127.11547664849253,37.45870440375718],[127.11547867285414,37.458757336535406],[127.1153658339121,37.45888133319279],[127.1152852488304,37.45896588052847],[127.11514852724686,37.459060059152485],[127.11499269029433,37.45913031583792],[127.11478511177624,37.45920259436844],[127.11459248835864,37.45923854036538],[127.11451059726404,37.45927409140133],[127.11436187423595,37.45937869658155],[127.11418484765454,37.45945207062057],[127.11407311052034,37.459482586851315],[127.1139553633259,37.45951676605427],[127.1138365091994,37.45963345097534],[127.11373774033507,37.459720825560936],[127.11363425865113,37.459732464617645],[127.113536354447,37.45980154823784],[127.11341975549166,37.459900769511165],[127.11327111548503,37.46005491852084],[127.11324096177837,37.46020896444213],[127.11323647963029,37.46027964197251],[127.11323341292463,37.46035341103135],[127.11308919154573,37.46040197663479],[127.11284259877544,37.46048752566029],[127.1127630101213,37.46053039672234],[127.11290870214285,37.46064232636825],[127.11318491494386,37.460758629367554],[127.11329187703964,37.460836808735785],[127.11333489767402,37.46090574752989],[127.11333392514761,37.46108764404254],[127.1131211522186,37.46111373945251],[127.11297495476754,37.46113471882335],[127.11292252913434,37.461154761308784],[127.11278326668044,37.46120978943899],[127.11270296549404,37.461245067137],[127.11252173202335,37.461344627445015],[127.11230520684813,37.46146393434096],[127.11222985348216,37.4615053879862],[127.11182032252442,37.46164458828354],[127.11174933938103,37.46165309864067],[127.11134729411518,37.46171766862166],[127.11106513226666,37.46176270264564],[127.11063777105417,37.461793506654175],[127.10989109992919,37.461941453690976],[127.10945918273774,37.4618708940219],[127.1090892031706,37.46200806664413],[127.10868620914364,37.46215681948565],[127.10815354687863,37.46227443108832],[127.10751444603038,37.46218941181381],[127.10730178632258,37.46218087227062],[127.10688012874981,37.4623699005643],[127.1066721389346,37.462410910987835],[127.10646728747047,37.462424328236935],[127.10616736614944,37.462406853706625],[127.1059255184474,37.46235470024159],[127.1056561888966,37.46223611356044],[127.10560825318028,37.46217843753714],[127.10527091067823,37.462170561950686],[127.105128523222,37.46214619815876],[127.10503049776463,37.46214177854668],[127.10486699072561,37.46216106927338],[127.10470519900386,37.46215473234232],[127.10434122935226,37.46217475394348],[127.10447100465177,37.461755962571466],[127.1045506298095,37.461612291477614],[127.10461185457608,37.46144470532812],[127.10474971823947,37.46126354470839],[127.10478030905884,37.461160182371714],[127.10462533998066,37.461099778982216],[127.10452072865387,37.46105651497766],[127.1044723030203,37.46102952645574],[127.1044270171523,37.460985074536005],[127.10440826217737,37.46095637530722],[127.10429909829752,37.460817094558216],[127.10425882219172,37.460805308595255],[127.10424927582729,37.46080192895858],[127.104170765545,37.460726825700405],[127.10404624167478,37.460585584240995],[127.10402341551945,37.4605574484171],[127.1039800072825,37.46045387075768],[127.10398593539773,37.46026887985975],[127.10397428422527,37.46026888922819],[127.1039745838451,37.46023144421714],[127.10396939720748,37.4601835785686],[127.1039416602551,37.460050991688725],[127.1038896807946,37.46000288667887],[127.10381098945307,37.45992805434201],[127.10374914286669,37.45990445676781],[127.1036402968232,37.45986316767632],[127.10354612019597,37.459828893708554],[127.10344287887013,37.45975182987346],[127.10324579677163,37.45976382898652],[127.10315890457227,37.459759400092985],[127.10306511869025,37.45975441598505],[127.10294586890787,37.45972494816005],[127.10280033477468,37.45971718884932],[127.10269190481874,37.459724327311264],[127.10267078471152,37.45977811827048],[127.10263417206255,37.45986740347761],[127.10255070513956,37.45978835769451],[127.10244725584879,37.459689901327245],[127.10238147944939,37.45962773469627],[127.10228758138159,37.45953855285812],[127.1022589499993,37.45952084561833],[127.10213274691344,37.459439293895386],[127.10209881798987,37.45942355537581],[127.10195371601051,37.459349627084315],[127.10185265489527,37.459177961957856],[127.10162571916287,37.4590511680537],[127.10138119286596,37.45897281513164],[127.10132027277703,37.458845320114314],[127.10122660045518,37.45866153973951],[127.10116480730547,37.45854051586657],[127.10127779891258,37.45824168270776],[127.10105952766747,37.45798986487299],[127.10076588869848,37.45775979807921],[127.10024923186118,37.45754764684838],[127.09973877399975,37.45735463650264],[127.09950632950267,37.45691277751604],[127.09930610680054,37.456677555664086],[127.09913582164044,37.456370228239344],[127.09909570560039,37.45621877640029],[127.09889319462354,37.456116174846365],[127.09868538546458,37.456148160424966],[127.0984720123621,37.456254770133135],[127.09823746008468,37.456371246482675],[127.09723049970613,37.4563675608883],[127.09636531695226,37.45634685953276],[127.09607633035198,37.45642958753903],[127.09576933783437,37.45651965332905],[127.09545844106371,37.456453453264864],[127.09523038081922,37.45639619440967],[127.09522278152683,37.456394226898375],[127.0952138648986,37.45632130629862],[127.09503918683083,37.45630258698692],[127.0943122076757,37.45622516085535],[127.09377357514201,37.456077763190805],[127.09354041502397,37.45588845500161],[127.0934582390003,37.455549795336665],[127.09334228329854,37.4553128127213],[127.09314257505578,37.45490581951227],[127.09319964171311,37.45477851018567],[127.09321758268791,37.45471599224914],[127.09281536574618,37.4537592651996],[127.09272551177358,37.45363404044479],[127.09188225785026,37.45346687553576],[127.0911288427814,37.45295584029124],[127.090959110354,37.45278253461193],[127.09030286636015,37.45126679954626],[127.09014056702992,37.45109572893171],[127.08961957211133,37.45088691441557],[127.08954279216665,37.45016616612944],[127.08882113446461,37.449749706019034],[127.08895959199901,37.44946185102385],[127.088432141019,37.44899484247139],[127.08832681860272,37.448627759453856],[127.08836024662313,37.44837320134615],[127.088415006564,37.448075261027235],[127.08864240524817,37.44759700207889],[127.08854583154435,37.44745375024853],[127.08836935889737,37.44724045809755],[127.08827692518075,37.44655435488958],[127.08838657736554,37.44639772404402],[127.0882378224329,37.446178492477976],[127.0881613394731,37.445385383420735],[127.08786909740083,37.44491679391004],[127.08785512613316,37.44489427038402],[127.08747680223466,37.444802193606904],[127.08730393539757,37.44464211097292],[127.0864213528,37.44426263944266],[127.08570306444348,37.444417162492165],[127.08526012291868,37.44431865574134],[127.08386195437015,37.44392178823166],[127.08380507815578,37.443416696977174],[127.083471501902,37.443062714883766],[127.08333473407556,37.44295751027441],[127.08320806446416,37.44256847090034],[127.08297472857134,37.44232057509289],[127.08290464296249,37.44217420848867],[127.08243187267405,37.441579869092635],[127.08209739335217,37.441351186919555],[127.08144415687714,37.441231399819834],[127.0812501755563,37.44111890530181],[127.08070074524068,37.44115137718752],[127.0801716540251,37.44105149493774],[127.07996101018352,37.44121241040721],[127.07957539674481,37.441386947238286],[127.07908340464962,37.44129914413257],[127.07853068087478,37.44155797683294],[127.07817896071371,37.44155201501328],[127.07786101981291,37.441773526989664],[127.07774846120935,37.441863420831986],[127.0776019341044,37.4417094967234],[127.07735854158393,37.44163138309859],[127.07707800498117,37.44165127659602],[127.07693611661392,37.44171556461627],[127.07672145517185,37.44193785245572],[127.07667114660146,37.44194604779375],[127.0764402575272,37.441998282769426],[127.07601063013249,37.44213933682571],[127.07524290856384,37.441942164328765],[127.07475604061007,37.44221923783014],[127.07449774394767,37.44223320029883],[127.07385308318511,37.442213036312346],[127.0729933724787,37.44201759048968],[127.07275892597048,37.4420512399863],[127.0726078483268,37.44211524806079],[127.0722498602478,37.442200212445606],[127.07213849979637,37.442263069141156],[127.07191500371303,37.441925604312026],[127.07170257093175,37.44170357901037],[127.07162594518984,37.44152398093994],[127.07186137217569,37.44102970157455],[127.07207769311636,37.44012123929289],[127.07221171581536,37.43938290092304],[127.0720078262232,37.43885677076887],[127.07249010670485,37.438592657247135],[127.07296626957918,37.438208316861],[127.07355532513627,37.437910914785306],[127.07370249329107,37.43782184069365],[127.073760192181,37.437789433545376],[127.07379537513337,37.437657071623185],[127.07384350977453,37.437407859455824],[127.07356006627681,37.43696372738631],[127.07320350610517,37.436669701044714],[127.0730242280316,37.43640683220761],[127.07277924900171,37.43629913821425],[127.07209357942011,37.43616102006931],[127.07196476947847,37.436054101932314],[127.07168875179939,37.435981059062065],[127.07143952777501,37.43586351843641],[127.07127209007754,37.435601476023656],[127.07127451227666,37.43534919366652],[127.071445651676,37.43503767697743],[127.0714581814723,37.434841979220195],[127.07146940069721,37.43475694484943],[127.07148482763932,37.43463755109581],[127.07154598990117,37.434529114368985],[127.0715026457241,37.43444494949513],[127.07151935863394,37.43437370644919],[127.07151982073512,37.43411691887927],[127.0713709695096,37.43390019782024],[127.07111910822141,37.43340170085516],[127.07100430162143,37.43334122957434],[127.07090997754524,37.43309491227508],[127.07079229322333,37.43298854540152],[127.07073081621564,37.43294072074222],[127.07057109173738,37.432416823166974],[127.07062900368742,37.43204455478488],[127.07089606133405,37.431790710807945],[127.07096006068431,37.43169634598454],[127.07120675324968,37.430817717721496],[127.07122019764996,37.430660599893805],[127.07116966458204,37.43042045745798],[127.07110522976144,37.43041908101651],[127.07095270032877,37.43023474338172],[127.07095250947532,37.43021306446014],[127.07090517249087,37.43019141466207],[127.07088965623795,37.43021310148363],[127.07087411392847,37.43020382064621],[127.07088469811157,37.43018832659964],[127.07070646622222,37.43027402706131],[127.07056388577814,37.43034225298096],[127.07033486858673,37.43047950200257],[127.07023594411636,37.43060626952932],[127.07011269593977,37.43076289058656],[127.07003249846748,37.430910477807174],[127.07001486385415,37.43092457074624],[127.06987367685602,37.430972235073654],[127.0698198248604,37.43096944513507],[127.06990184287017,37.43088549592263],[127.06991134702443,37.43086324490897],[127.06976488629381,37.43073944081249],[127.06970605246403,37.43068766632829],[127.06961542834803,37.430611691476805],[127.06942454326965,37.43056449849386],[127.06933448802616,37.43054512413299],[127.06911852941664,37.4304816180432],[127.06901328135126,37.43045126917137],[127.06896419430576,37.430432431750965],[127.06890928576085,37.43043386657131],[127.06875059678134,37.43045592488214],[127.06837211709205,37.4306636505569],[127.06827026369194,37.430679476200325],[127.06782991581917,37.43040661088999],[127.0667201387572,37.430130445951725],[127.06670036634556,37.43012876372824],[127.06658590269413,37.430052529721024],[127.06657736225381,37.42997340677012],[127.06611791101783,37.42965239431496],[127.06609389394235,37.42964283087334],[127.06609176742577,37.42962735221606],[127.06596140657506,37.42953281727378],[127.0656980398866,37.42915847321907],[127.0656816584304,37.4289853178413],[127.06539286375579,37.429011387202394],[127.06507366912518,37.42898706112614],[127.06466903289436,37.42917198548648],[127.06438564819355,37.42911357101041],[127.0640410449358,37.42932041630935],[127.06365602950423,37.42953235768202],[127.06346206425822,37.42959271841002],[127.06331619872046,37.429751597449965],[127.06309656622844,37.42972918742458],[127.06292673003902,37.42971519416192],[127.06288082577257,37.429703394739725],[127.06114498968951,37.42998528276112],[127.06076851474958,37.42985286116696],[127.06057514606266,37.429783130223214],[127.06051793937036,37.42976400329444],[127.0602071957169,37.42971404351838],[127.0601197747478,37.42966312452955],[127.0599613462169,37.42956887685083],[127.05978111892588,37.42958726419646],[127.05918941930057,37.42964950021095],[127.05905737622363,37.4296636478494],[127.05867317579448,37.4298079941074],[127.05846067914923,37.42988636809881],[127.05806992973636,37.43001073388089],[127.05737902624513,37.429857322265896],[127.0568083680075,37.42973088202445],[127.05675821691418,37.429717957397145],[127.05639462870234,37.42958100229208],[127.05610778499637,37.429610707085594],[127.05597110020106,37.42954995145064],[127.05554675041407,37.42936149179405],[127.05533793868717,37.429398187301054],[127.05512125415812,37.429292984363215],[127.0547685222342,37.42927314918222],[127.05427570223115,37.42911035080214],[127.05411254207701,37.429056363494546],[127.0538900617525,37.42898211994338],[127.0536843970045,37.42897461578174],[127.0534583185414,37.42880858574635],[127.05338042435616,37.42875202789347],[127.05312543237135,37.42863360327626],[127.05291069175419,37.428536270820615],[127.05250090498696,37.42844634806995],[127.0524632742672,37.428400754732486],[127.05239613016872,37.42831912465384],[127.05232462097668,37.428297477121625],[127.0521694825904,37.428339774999635],[127.05188068272109,37.42861357868564],[127.0516548646151,37.428828232654794],[127.05141775080976,37.42905386562628],[127.05135906433057,37.429198339672965],[127.05091841769462,37.42945080783032],[127.05071656429192,37.42960546773156],[127.05055423099041,37.42972913671039],[127.05036152027319,37.42982128995444],[127.05019351043066,37.42990217072364],[127.05005046203377,37.43009482064721],[127.04996684899842,37.43020945398332],[127.04986522762833,37.43030973397073],[127.04957974999688,37.43027014189069],[127.04924188438382,37.43032546524057],[127.04853899376235,37.43044316609753],[127.04814429153907,37.43050864619414],[127.04778613578796,37.43056903834005],[127.04755490444317,37.43060742119485],[127.04736923724988,37.43070182075672],[127.04730257231502,37.431100822122225],[127.04718114634227,37.4317324227512],[127.04722475460729,37.43204044131684],[127.0465364329814,37.432650851238186],[127.04644165836817,37.432990460822694],[127.04631164492127,37.43344720330875],[127.04630688125106,37.433452557261134],[127.04622867349742,37.43345878681152],[127.04590560623731,37.433481424951864],[127.04578081603478,37.4335287740692],[127.04555365747348,37.43361530142772],[127.04526154593593,37.43372747799838],[127.04495124504263,37.4338472551416],[127.04484800250735,37.43391767982763],[127.04462618009977,37.43406867901217],[127.0444619404274,37.43429145964013],[127.04436438182483,37.43442354704166],[127.04425672935153,37.43481018160959],[127.04418572948963,37.43505545334738],[127.04388855756395,37.435302769407365],[127.0434800354124,37.43564248843891],[127.04329721913456,37.4357934629608],[127.043169632639,37.435905294994996],[127.04290687396592,37.4361396501164],[127.04270252559643,37.436321888084656],[127.04264623791538,37.436372309032734],[127.04252269759336,37.43644668626496],[127.04233437859496,37.43655994431472],[127.04220059239593,37.43664051310402],[127.0421022853441,37.436698832961],[127.04197308771954,37.43677912218333],[127.04187213834935,37.43684279503741],[127.04173659090166,37.43692702157979],[127.04144290465943,37.43710958486782],[127.04136561346489,37.43718844852906],[127.04124809503583,37.4373070255142],[127.041140444916,37.43741490172714],[127.04110509845178,37.43766690784627],[127.04109031462596,37.437769123653],[127.04087974904243,37.43787844245772],[127.04048048445789,37.43808242593014],[127.04036839161041,37.438122730474646],[127.0400527753258,37.43823714460845],[127.03956828656139,37.43819590981428],[127.03922185985294,37.43816448468718],[127.03903241381435,37.438151318081665],[127.03874520828296,37.43825389847365],[127.0384373472834,37.43836070189218],[127.03826059791828,37.43833542087718],[127.0378001066229,37.438268266363885],[127.03770177248407,37.43827928038914],[127.03739546995452,37.43831344076796],[127.0370677639246,37.43827496748596],[127.03697772630095,37.438296393662256],[127.03692018308308,37.43832879222008],[127.03685610799336,37.43836456344157],[127.03682010850224,37.43839245149861],[127.03673627340237,37.43845695280584],[127.03632275468402,37.43877834731255],[127.03605599060984,37.4388229080814],[127.03589024310932,37.43888574816352],[127.03557372456842,37.43900409628849],[127.03557467197254,37.43914966404106],[127.035579204387,37.43940363891684],[127.0355379587808,37.439572869025454],[127.03549231404918,37.4397623736109],[127.0353931430836,37.439878685798035],[127.03532026548365,37.43996656381946],[127.03529506850508,37.44007215158878],[127.03520800927915,37.44043765112469],[127.03516906611881,37.44060575461296],[127.03517186116407,37.44094194711924],[127.03522414207337,37.44098472067074],[127.03524162961878,37.440999077964925],[127.03561944684166,37.44132783698793],[127.03603817253223,37.44153213622192],[127.03607225205883,37.44155099274102],[127.03608762526909,37.44156253143785],[127.0362880931695,37.44172098705315],[127.03643099041268,37.441832733163885],[127.03665445119681,37.44208016406643],[127.03678963011359,37.442284814326],[127.0368366304321,37.442359701896635],[127.03681925420132,37.4425872109954],[127.03697477812224,37.442896884841346],[127.03714522307067,37.44302128143781],[127.03748293797206,37.443266704993675],[127.03751854394255,37.44350095453123],[127.03756796412226,37.44383797075644],[127.03792478321589,37.44416081901394],[127.03793486028486,37.44417883569637],[127.0380353169107,37.44451640275535],[127.03805725434701,37.44459157586098],[127.03818352908795,37.44501754181286],[127.0382303948972,37.44518026868304],[127.03820566039823,37.44585885089197],[127.0377491476712,37.44609522772655],[127.03735125428415,37.44630088572385],[127.03726038422529,37.44643888466358],[127.03725402606537,37.446448455500445],[127.03739497765278,37.44691496191725],[127.03753151355627,37.447361487535304],[127.03734131800194,37.447690412723],[127.03717282394197,37.44798526426187],[127.03715924144265,37.4480103249],[127.0372789300636,37.44832170406072],[127.03737475672177,37.44856437874853],[127.03781196561826,37.44892239604034],[127.03777449161417,37.449201718288165],[127.03774439868941,37.449418817642986],[127.03743010455588,37.449831681297326],[127.03729563573775,37.45000996043536],[127.03726070381465,37.45008176189793],[127.03696803790558,37.45069115611263],[127.03693627935144,37.450759308651214],[127.03691352994437,37.450808024457594],[127.03680919540706,37.45088041589663],[127.03675221360606,37.45097785690833],[127.03662495799645,37.45112008409989],[127.0365428831902,37.4512102091954],[127.0364663250362,37.45137663806788],[127.03640970201124,37.45149687634101],[127.03607673316077,37.451663101535125],[127.03586144154936,37.45199146396185],[127.03577642182294,37.45219590807052],[127.03537133883344,37.45222671455065],[127.03514664381264,37.4524390818474],[127.03475468784075,37.452617421560085],[127.03478516132658,37.45282717570379],[127.03482359740195,37.45310619702318],[127.03498470308607,37.45323088770503],[127.03499760235489,37.45323876764672],[127.03546919343434,37.45343741206236],[127.03558685809229,37.45396418772452],[127.03558777942189,37.45404922419447],[127.03558815757704,37.4540875084247],[127.03573759094182,37.45418629624629],[127.03626740592135,37.45426216912747],[127.0363432465181,37.454439248072866],[127.03642493379405,37.45465068091371],[127.03682487519237,37.454933531423656],[127.0368437813243,37.454948726393695],[127.03690578718938,37.45500474084366],[127.03700560506095,37.45509368574352],[127.0371276991885,37.45520767976664],[127.03706742651767,37.4554743418036],[127.03697143780985,37.45564190288886],[127.03684966219724,37.45582298784611],[127.03681902028322,37.45598855696363],[127.03677373303643,37.45620509121725],[127.0367711110232,37.456254367220026],[127.03675153037231,37.45631547153824],[127.03674064825591,37.45644386632631],[127.0365637805742,37.456638762155606],[127.03635497797606,37.45687449053144],[127.03607696893472,37.4571603631443],[127.03576329269008,37.457481436598265],[127.03570661595731,37.4575172140908],[127.03546261195274,37.45765384159839],[127.0351908976942,37.45780286341365],[127.03501609912165,37.45789358094686],[127.03496845716188,37.45798904856398],[127.03493416850394,37.458327772835894],[127.0349246929442,37.458444346921596],[127.03501070124165,37.45886835397011],[127.03505709809885,37.45873854166211],[127.0350551699079,37.45877598771361],[127.03504408598727,37.45885652232195],[127.03504308925046,37.45900546921179],[127.0349946032619,37.459187089128115],[127.03495388505341,37.45975867899896],[127.03494704339914,37.45985299832105],[127.0349242208229,37.46017540395622],[127.03464304055053,37.460130431409155],[127.03451497462837,37.46006964879746],[127.03450420041085,37.46006458074164],[127.03432798062612,37.460145440079955],[127.03432499694408,37.460171064739114],[127.03431584165703,37.460252158657426],[127.03428776877814,37.46025667203438],[127.03401297908668,37.46030038306382],[127.03389911832205,37.46083229495012],[127.03379166625459,37.46105504524877],[127.03373222200649,37.46123694592796],[127.0337445937331,37.46125017962199],[127.03378068081484,37.46139911430104],[127.03379748533578,37.46144838595761],[127.03379944089416,37.46147034188165],[127.03382171137773,37.4615303074454],[127.03384610401801,37.46156127695132],[127.0338436427756,37.46159309283275],[127.03387299584145,37.461669390000395],[127.03387687753222,37.461679805334946],[127.03388044855333,37.461756388656475],[127.03388348491123,37.46182537835732],[127.03388666434864,37.46183663099933],[127.03390169886971,37.46188844284786],[127.03391937987001,37.461949535148165],[127.03392046174135,37.461993170657735],[127.03392333711437,37.46210889545434],[127.03392387513225,37.462126068836625],[127.0339254717511,37.46213114090854],[127.03395694809727,37.462229115154194],[127.03397709402672,37.46226515181177],[127.0340258835059,37.4623524267904],[127.03403490621108,37.4623867702282],[127.03405472067348,37.462461665359385],[127.0340778665239,37.46251177344216],[127.03410138950659,37.4625627280362],[127.03410615298421,37.462572862411164],[127.03417350153782,37.46268772180794],[127.03420018564475,37.4627333331391],[127.03424755638106,37.46280652685996],[127.03426044978937,37.462826506833274],[127.0342857391802,37.46288591259121],[127.03431915220413,37.46296530867081],[127.03432834028705,37.462987263924305],[127.0343847204561,37.463066085357625],[127.03439302504056,37.46307959893579],[127.03444498945883,37.46316489965301],[127.03445011971795,37.463186575938536],[127.03445311930544,37.46319925219092],[127.03446019805878,37.46322881208835],[127.03446249706123,37.463238381088374],[127.03451056454902,37.463304817210535],[127.03453266396497,37.463335218583],[127.03453109086313,37.46338167413764],[127.03452157191879,37.46342954803629],[127.03453412881063,37.463452070542544],[127.03453730738165,37.463457700086],[127.03455286228917,37.4634872576037],[127.03455094102294,37.46353821860838],[127.03456139124586,37.463603538271386],[127.03458421088884,37.46367899143554],[127.03459781978336,37.463699269617855],[127.03460541960605,37.463710810320066],[127.0346252421686,37.46380681514711],[127.0346310776986,37.46383553720983],[127.0346601111363,37.46397659095629],[127.03466826912624,37.46407569944157],[127.03469338745242,37.4641548080195],[127.03456305909621,37.46418243379166],[127.03420493787524,37.46433064016108],[127.03347971354538,37.46463577528545],[127.03319671312805,37.464922198037605],[127.03318028988589,37.4649500812805],[127.03314058701585,37.465017387554234],[127.03275757012872,37.46519317573494],[127.03232154516198,37.465308457105465],[127.03223995210863,37.46532987659117],[127.03216915262003,37.46537184500568],[127.03192176353119,37.46551888235375],[127.03175999643882,37.46554257455075],[127.03167645552534,37.46555498494006],[127.0311955445353,37.46562605966912],[127.03055508050808,37.46551416173244],[127.03039681782424,37.46548632253131],[127.03035353778483,37.46546015158908],[127.03031449152056,37.46542271445485],[127.03026095845065,37.46539569840751],[127.03016627848314,37.4653622112863],[127.03002444549062,37.46534619964431],[127.02992854580428,37.46535156560095],[127.02952727437628,37.46537447504908],[127.02949480475696,37.46496367884476],[127.02949320408038,37.46494200155387],[127.02948892785632,37.46484372902312],[127.02951068291266,37.46447009558713],[127.02958338683152,37.46428818338457],[127.02962381031772,37.464230456517896],[127.02967059158819,37.46416371654321],[127.02969433346237,37.463905519910654],[127.0296389158064,37.4635473745536],[127.0296332533888,37.46349022563344],[127.02961836784917,37.46337252910005],[127.02960614666914,37.46327539618924],[127.02954411482071,37.463158001043304],[127.02949143673423,37.46305355015508],[127.02942993351607,37.46292432554316],[127.02936542385588,37.46279679438567],[127.02932194276447,37.46271205667998],[127.02931628627101,37.462701353003915],[127.02920248895882,37.46256031951953],[127.02912015281717,37.462457569088855],[127.02898533586982,37.46228978920194],[127.02892438317619,37.462215182020465],[127.02881907901671,37.462114970078254],[127.02873126953949,37.46202826740639],[127.02860106626564,37.46189934545779],[127.02853799456706,37.46183488427568],[127.02844506151985,37.461744517309306],[127.02842650589146,37.461725383343065],[127.02838639562161,37.46167386519188],[127.0283204923197,37.46159109462776],[127.02825546767303,37.46150383006357],[127.02819132717352,37.461424159952216],[127.02814910531393,37.46137517167684],[127.02804309302653,37.46124511776183],[127.02806742174906,37.461095887904825],[127.02810336840946,37.46088329642521],[127.02815696585074,37.4606219942132],[127.0282229824808,37.46051695645282],[127.02834546854503,37.460314761009634],[127.02838271145255,37.46025590997921],[127.02846178769295,37.46013143515395],[127.02846073405259,37.46012524617038],[127.02838207776296,37.45993802508493],[127.02836775852175,37.45990705284238],[127.02836192057407,37.45989353822922],[127.02815810101576,37.459838119521315],[127.0280614945183,37.45983757366076],[127.02800903713486,37.459833646796504],[127.02787464553673,37.45983283047997],[127.02753220252748,37.459826149073706],[127.02738896370032,37.459797744250984],[127.0273161913049,37.459783399075405],[127.02711466961662,37.45974036557201],[127.02689142300464,37.459693956509106],[127.02657228327126,37.45964165040148],[127.0264993207703,37.45956282755337],[127.0264012670155,37.45945444745654],[127.02640881160283,37.459308033421095],[127.0264189875856,37.459108116891485],[127.02642652049495,37.45891834497107],[127.02643544099766,37.45865845765292],[127.02644330348473,37.458407868560805],[127.02644504396554,37.45833662622333],[127.0264190618036,37.45827721928839],[127.02634678084144,37.458104358154635],[127.02620457867886,37.4579878165975],[127.02601626213364,37.45783440429876],[127.0259954158791,37.45781695686644],[127.02589846040088,37.457773610611646],[127.02568738922204,37.45767849001833],[127.02543481020895,37.45756450223736],[127.02527761446565,37.45749386764685],[127.02511672230105,37.45748572708684],[127.0249842776468,37.457479564563904],[127.02485659049235,37.457473111286575],[127.02467698115288,37.45746667625614],[127.02454558776373,37.4574619093484],[127.02438876528534,37.45745574930511],[127.024283505554,37.457452391134545],[127.02412597954785,37.457446501885],[127.02396331104171,37.45739473399595],[127.02382661794884,37.45735139541242],[127.0237457199834,37.45732916466584],[127.02371252105296,37.45731903465187],[127.02352408107447,37.45729992314428],[127.02334323672765,37.457282215696566],[127.02306049221798,37.4572656613915],[127.0227927649771,37.45725050171492],[127.02273181933927,37.457194199209766],[127.02258255388702,37.45705654414102],[127.02243222619221,37.45691606837386],[127.02235697076601,37.456815285469155],[127.02224885882313,37.456675927990965],[127.02220787420524,37.45662440638452],[127.02220327199421,37.456616244463675],[127.02209147028947,37.45653940027192],[127.02197365560767,37.456458040780795],[127.02169546634192,37.45631505471147],[127.02150295516627,37.45622583335019],[127.02142737182636,37.45620952069003],[127.02134772092556,37.45619657712772],[127.02128379473281,37.456192649794815],[127.02126348239739,37.45618814871021],[127.0211396869798,37.45618141175738],[127.02085870889321,37.45616681733431],[127.02082850919993,37.456164290184965],[127.0204272783756,37.45616012976143],[127.0203658255028,37.4561581661003],[127.02022063898808,37.45607146734854],[127.02016499935898,37.456039093458784],[127.02012508761634,37.45601488986267],[127.01998007813795,37.455923685258455],[127.01981370309971,37.4558459999645],[127.01970897580921,37.45579646088159],[127.01969200904425,37.45578660696464],[127.01920141255547,37.45573149454085],[127.01906048912639,37.455748977032094],[127.01897608614836,37.455764189545086],[127.01883586629114,37.455788708844295],[127.01863685966921,37.45584927640762],[127.01843343223531,37.455910113348224],[127.01829163475098,37.45595490463381],[127.01811999892107,37.45601011660005],[127.01806507480417,37.45602673765916],[127.0180076837128,37.45603913503571],[127.01777847184526,37.45608506390539],[127.01759958955037,37.4561228129554],[127.017545375585,37.45613520932196],[127.01725979475859,37.45605725709152],[127.01702843622749,37.455992531314905],[127.01694632185925,37.45596973034483],[127.01676845521524,37.45578589416178],[127.01663155681709,37.45564484976824],[127.01661760613858,37.45562879490824],[127.01647523378539,37.455465227924634],[127.0163787937529,37.45535430770605],[127.01628799063539,37.45522958412058],[127.01624473288403,37.4552076315862],[127.01621523068277,37.45519439965303],[127.01578730813178,37.4550057992566],[127.0155748457397,37.45491601282225],[127.01506499427052,37.45483188129963],[127.01487357310337,37.4548417515183],[127.01450961551133,37.454861226413485],[127.01415644644752,37.45497782833292],[127.01385925728796,37.4551203360624],[127.01355783138135,37.45526536563902],[127.0133867176219,37.45534760887758],[127.01275364699849,37.45546818057068],[127.012493522362,37.45551775181017],[127.01237644871028,37.45554253991981],[127.01237256181405,37.455548739470515],[127.01193901632861,37.455509359171785],[127.01136771192007,37.455408044653275],[127.0111510313689,37.45544691335045],[127.01115084185517,37.45538187884959],[127.01082326617286,37.45542301031299],[127.01080773399951,37.455484674987645],[127.01076801210552,37.45562348655367],[127.01072511640686,37.4557724451219],[127.01070323197185,37.45584761715468],[127.01068839998781,37.45590590458982],[127.0106545103139,37.45603795801293],[127.0106421477907,37.456067810742006],[127.01063156122018,37.45608808392069],[127.01058424726271,37.456168889780024],[127.0105208483398,37.45621873756117],[127.0104057229207,37.45630856878621],[127.01037164031015,37.45635981043072],[127.01028848226956,37.45648313833651],[127.01011736991451,37.456624498607994],[127.01003173342825,37.45675177327538],[127.00990760300395,37.456875390946195],[127.00984596494385,37.456926924164094],[127.00978699424391,37.45696522026908],[127.00961181881772,37.457078416750285],[127.00955177211428,37.45710094704486],[127.00930347791376,37.4571890900256],[127.00923267139066,37.45722090986174],[127.00907656622013,37.45737071189238],[127.00898527909102,37.457510660848065],[127.0088874540332,37.45760048817355],[127.00879775529114,37.457683828275165],[127.00871086874317,37.457764932638554],[127.00869091245485,37.45779730792482],[127.00863352669823,37.45788797873371],[127.00857896442699,37.45797554300864],[127.00853164933471,37.45805157106064],[127.00859947182681,37.45812336918924],[127.00860088930446,37.4581931967118],[127.00859718800433,37.458246689926405],[127.00858182498159,37.458337079911814],[127.00854810428575,37.45839733065327],[127.00857971825043,37.4584046459681],[127.00857742413962,37.45841141316508],[127.0083275314921,37.45849167147789],[127.00831536089478,37.45864568899605],[127.0082177067946,37.45877324017693],[127.00822053389551,37.45880533553564],[127.00821402817652,37.45909985606912],[127.00802065452845,37.45916293614006],[127.00787604605806,37.45954474535637],[127.0077222364313,37.45966526239386],[127.00755748075727,37.45985448242998],[127.00731217832713,37.46003807400814],[127.00726945033823,37.4601414135337],[127.00704092372082,37.46021546831342],[127.00696128031637,37.46035174848243],[127.00680923672839,37.46054997690345],[127.00679494056023,37.46057504363781],[127.00651381450419,37.46110946026076],[127.00641527622021,37.461268824594725],[127.00613944104423,37.46171258903048],[127.0061276079489,37.46173088923901],[127.00602429184781,37.46182493115161],[127.0061574699943,37.46188827680854],[127.00614863154577,37.461904890123854],[127.00604338708362,37.46208734774555],[127.00593901270787,37.4622568578535],[127.00593230981934,37.46227290462425],[127.00576948071975,37.46254827568991],[127.00571349891645,37.46258939071603],[127.00545723974248,37.46275777094173],[127.00532919927396,37.4627949499146],[127.00496875577551,37.46318689856014],[127.00479762794428,37.46351773355067],[127.00476495186439,37.463580246981685],[127.0047483689297,37.46383618635836],[127.00464857441344,37.4639212171437],[127.004469669604,37.4640732752117],[127.0048054527222,37.464880503434074],[127.00476218373569,37.464923022974745],[127.00468360146944,37.46517220572773],[127.00470462813486,37.46523049131101],[127.0048918649208,37.46580262485641],[127.00490546532671,37.46584260115459],[127.00455895274337,37.46624412478154],[127.00448883978427,37.4663283154203],[127.00449272863891,37.4663497159918],[127.00452135753497,37.4667906384924],[127.0045245343058,37.46679768435787],[127.00438076609763,37.46697760103748],[127.00424565705158,37.46714344201178],[127.0041296275096,37.467287046680426],[127.00367535659714,37.46772038592861],[127.00273482078528,37.46712460980721],[127.00196279695439,37.4670874489723],[127.00171746780174,37.4672087962797],[127.00148591699397,37.467323116943994],[127.00104328941597,37.46720964351677],[127.00099666183769,37.467197541416034],[127.00047686301144,37.46706294765793],[127.00009129675249,37.46710629888385],[126.99950578592411,37.46715838682869],[126.99899145688538,37.46721187013833],[126.9987795058435,37.46723411107929],[126.99869526025043,37.46721215159183],[126.9980853753004,37.46705501724932],[126.99780190859798,37.467022627177386],[126.99760054640203,37.46714200388942],[126.99747619775087,37.46721380090226],[126.99742674353723,37.4672422340363],[126.99717099325659,37.46721406883426],[126.99698554333082,37.46717971666325],[126.99675187495453,37.46707243258501],[126.99661357989189,37.46692600532905],[126.99623104515373,37.46660839481568],[126.99626283840615,37.466533775129705],[126.9963675950146,37.46628684975785],[126.99652427891664,37.465917444896384],[126.99645523999948,37.46568543381378],[126.99646071275652,37.4656814966179],[126.9966431817119,37.4654275289991],[126.9966320650831,37.46512935082229],[126.99661920333104,37.46477852535941],[126.99677234253177,37.464617478030206],[126.99695462324307,37.46442855365725],[126.99711923514835,37.46425877378598],[126.99719359421859,37.46418416385414],[126.9972531282859,37.46401973409946],[126.99731495574318,37.46384404042513],[126.99737077028016,37.46368749105716],[126.99725933831391,37.46353572347522],[126.99716679418367,37.463408172269105],[126.99698490346279,37.46315898468731],[126.99698347886003,37.46315250667708],[126.99695152640311,37.46295484206525],[126.99689803455284,37.46265159972126],[126.996851956475,37.46237200623034],[126.99680269334252,37.46207607899087],[126.9967686272479,37.46187335053146],[126.99634882336426,37.46179844181589],[126.99590130406605,37.46171788934329],[126.99543982896829,37.46163256026796],[126.9950592386666,37.46156214461931],[126.99474822605849,37.46150496639462],[126.99452552606414,37.461464687748695],[126.99428993081683,37.46142131723007],[126.99396248737027,37.461448326820815],[126.99369528125582,37.46146942974036],[126.99335441281065,37.46149586958691],[126.99315292642261,37.46127623571598],[126.99298870600843,37.46106673943424],[126.9928951200661,37.4609479167498],[126.99265518301135,37.46034393781103],[126.99220604437777,37.460487784318495],[126.99202783463711,37.46054633542731],[126.99169847148707,37.46051899948506],[126.9916230688803,37.46044156190637],[126.99133205960422,37.4601360417176],[126.99095467232017,37.45994707733522],[126.99052272129317,37.459727417544464],[126.98999453727748,37.459462975815],[126.98991932884041,37.45930839339149],[126.98978038491279,37.459024841134],[126.9896742740727,37.45880887817026],[126.98963137033513,37.45873791956179],[126.98949912832823,37.45852279148219],[126.98917067317292,37.45838563395672],[126.98881749389442,37.45823946276693],[126.98871754116642,37.45819637458714],[126.98864584541352,37.458144837829614],[126.98863578308863,37.45816595630873],[126.98841186072933,37.45807526394694],[126.98835659641045,37.45805302039416],[126.98816516605967,37.45797303549181],[126.9879075225382,37.45786685852329],[126.98726121447571,37.45760069716275],[126.98678106752408,37.45740326393122],[126.98661263252625,37.45721233765722],[126.9862099844858,37.45720666465947],[126.9852639427175,37.45718175164196],[126.98490335804411,37.457042612522095],[126.98438784218003,37.4571056087538],[126.982888227441,37.45682691867262],[126.98243770306568,37.456877808020295],[126.9819036510611,37.45693571633165],[126.9820338791712,37.456662905658725],[126.98238921233184,37.45591710198812],[126.98239804548574,37.45589119951149],[126.98120128402552,37.45577752684381],[126.9797904771329,37.45564719825478],[126.97847746373299,37.45573479783357],[126.97775711720212,37.45519911624648],[126.97655301139561,37.45489759778269],[126.97457955999984,37.45441287478845],[126.97406179822593,37.45390481336985],[126.97401253980213,37.453855525275394],[126.97337156774792,37.45323762696216],[126.97332444336408,37.45316440836212],[126.97325667743574,37.4530486686155],[126.9728435344267,37.45238238255807],[126.97175282477808,37.45173733490216],[126.97106764899168,37.450469831644],[126.97056939208133,37.4494527005318],[126.97031198119817,37.44934929642159],[126.97014707610836,37.44929124654349],[126.97005137888557,37.44925743277237],[126.96959356787248,37.44909597663381],[126.9686617176059,37.44875446421389],[126.96766297718118,37.448380543632666],[126.96578067400434,37.44719939147337],[126.9653434290556,37.44692388449158],[126.96520256105822,37.446833181122294],[126.96494006529507,37.4466697925487],[126.96462003348978,37.44647006673694],[126.96436514189381,37.44631146296937],[126.96428976633013,37.44626723593467],[126.96412173220307,37.44577078308395],[126.96394189702113,37.445245888730796],[126.963933616381,37.44521462964833],[126.96414021422964,37.44483205576059],[126.9643722707625,37.44439879936349],[126.96441927776975,37.44431265102988],[126.96431621805807,37.44383085876997],[126.96430300428528,37.443770324249336],[126.96432081977375,37.44346229322587],[126.9643343102233,37.44330631546277],[126.96435602553875,37.44296872494392],[126.9643816463047,37.442577073496174],[126.96461018409373,37.44208778976067],[126.96463403886705,37.44203964584121],[126.96415382709816,37.441613211896254],[126.9638220218904,37.441318584647675],[126.9637842639238,37.44128675774199],[126.96379965793427,37.44087145299623],[126.96380340760273,37.44078698516287],[126.96311395933859,37.44037652455415],[126.96298352964152,37.44029960809347],[126.96294292761182,37.44028045719866],[126.96246691824356,37.44028058085706],[126.96194942045527,37.44027871475079],[126.9617626216878,37.44027921982004],[126.96149989011664,37.44029911528695],[126.9609039654798,37.44034312514326],[126.96027591880234,37.44038541573734],[126.9600559129396,37.440400548988585],[126.96000049948897,37.440355757364394],[126.95975660126288,37.4401557658956],[126.95957148023216,37.4400053399501],[126.95954253427277,37.43997857924949],[126.95949684188378,37.439910149543245],[126.95925268944933,37.43954346049633],[126.95916943083247,37.43940687238212],[126.9589988599812,37.43912694083344],[126.95897734442472,37.43908947892945],[126.9589660551967,37.43906976875229],[126.95843252619798,37.43901664115984],[126.95813963303482,37.43898808837086],[126.95774064143922,37.43894768590373],[126.95756691891884,37.438930447547975],[126.95704064789695,37.43885309748513],[126.95670503174182,37.43880341498204],[126.95647817917778,37.4387698202157],[126.95636819833047,37.43875401090604],[126.95606311493827,37.43873784679587],[126.95561996979663,37.43871430346984],[126.95526033665627,37.43869642373691],[126.95517487875618,37.43869245112665],[126.95510885633594,37.438692146778635],[126.95499583799821,37.438724484497016],[126.95463081207097,37.43885695095087],[126.95438130546577,37.43891035338265],[126.9539041806773,37.439009551846965],[126.95361054860746,37.439044348462446],[126.95344756911732,37.43906708632838],[126.95316717078718,37.439095408356735],[126.95265211355004,37.43915911269973],[126.95241109162133,37.43919027029364],[126.95208654401301,37.43898121791043],[126.95207224110669,37.43897613809304],[126.9518710536202,37.43883639866512],[126.95146726207429,37.438576619665994],[126.95115838651596,37.43844415832597],[126.95113878242621,37.43844330258548],[126.95113525543668,37.43844330051125],[126.95106792608026,37.438536472015905],[126.95092530541004,37.43873378751161],[126.95003271225895,37.43862162182538],[126.94984307749964,37.43837967254603],[126.94957795828583,37.4382942400291],[126.94951334408486,37.43828098474113],[126.94931066755791,37.43826118204834],[126.94928419900685,37.43825019547163],[126.9492771341438,37.438256104169966],[126.94918933028153,37.43832870428198],[126.94917661608882,37.4383329246455],[126.94916141965145,37.43834418030587],[126.94905366806155,37.43842522292116],[126.94894520147253,37.438507392110054],[126.94876590509853,37.43864584238087],[126.9486235793674,37.438671114229976],[126.94836312587346,37.438712677478215],[126.94830453132833,37.43869096411737],[126.94828916411885,37.438690398903915],[126.94811266426755,37.43861120280992],[126.94803430356806,37.438575962918485],[126.94785445039942,37.438491980982754],[126.94759920481529,37.43841189910169],[126.9471656830549,37.43827260329292],[126.94702765343838,37.43823453644164],[126.94678934963109,37.43816712994808],[126.9465903681178,37.437929676508446],[126.94638020207138,37.43776908950857],[126.94567627043673,37.43730529912515],[126.94509063739325,37.43708822058608],[126.94463739275065,37.437123475067246],[126.94406036516087,37.43719809807878],[126.94352287832557,37.43726596869782],[126.9433851585586,37.43728279628222],[126.94328398103896,37.437299640134505],[126.94262429619609,37.43740518183763],[126.94197961603543,37.43750565449384],[126.94142443034148,37.43740429843197],[126.94114915837469,37.43699166639608],[126.94113787184632,37.436975604780535],[126.94113682571096,37.43696941505304],[126.9411027869251,37.43691814851465],[126.940879645735,37.436669699185735],[126.94070819623306,37.436478984666515],[126.94053039407747,37.43628039084256],[126.94050261180648,37.43613706310012],[126.94050298572748,37.436122700463855],[126.9404806499206,37.43600780987014],[126.9404720262792,37.43598162208737],[126.94042679481056,37.43580195685827],[126.94035266408542,37.43576897651487],[126.94022030661075,37.435712315367915],[126.93955839132339,37.43595581027675],[126.93936430433155,37.43602581678948],[126.93862597556652,37.43602851542004],[126.93862190847564,37.4360285142587],[126.93861532060244,37.43609637582711],[126.93857550593343,37.43641508585575],[126.93857480162922,37.43642042776326],[126.93854581650338,37.43644913717531],[126.93837512896303,37.43660925435661],[126.93832637068648,37.43665259285987],[126.93828322880408,37.43672098323383],[126.93825194624552,37.436769964564775],[126.93816549319531,37.436905347603634],[126.938145869771,37.43694194544421],[126.93801519133072,37.4371843015508],[126.93801254276748,37.437189363536355],[126.93798921570125,37.437209344080074],[126.93775213060394,37.43738182279635],[126.93774665963934,37.437385757847466],[126.9377512407352,37.437391670639194],[126.93774163848808,37.43746909755297],[126.93774242410653,37.437582004051514],[126.93774446552288,37.43787905867164],[126.93772571374177,37.43792635053363],[126.93765583138409,37.43809355836129],[126.93757939643397,37.43828554944829],[126.93756294271884,37.43832693205856],[126.9374705306447,37.43842374052567],[126.9372729611784,37.43863226997017],[126.93726539945003,37.43879276367893],[126.93725805244497,37.438927341973795],[126.93724884114629,37.439167509785875],[126.93724738950449,37.439212837922426],[126.937402442868,37.43937426639921],[126.9376391725687,37.43962723587899],[126.9376938597475,37.43968442605259],[126.93771413483637,37.439720755885105],[126.93775814880628,37.43986578708797],[126.9378437298075,37.440135578004195],[126.93786433293816,37.44019753311654],[126.93774608315589,37.440354018986675],[126.93754297916827,37.440619986097715],[126.93737312139687,37.44084317197022],[126.93735385164892,37.44087159776877],[126.93723915565107,37.44099401938938],[126.93719444546028,37.44104185652004],[126.93694915078322,37.4412985089898],[126.93684772145933,37.441402358768755],[126.93681237809582,37.44143837971674],[126.9367722082131,37.44154281179011],[126.93673540217611,37.44163486557161],[126.9366883854643,37.441695945150656],[126.93665091059641,37.44174125505733],[126.93664720064136,37.44174575849866],[126.93630699581978,37.44190493235242],[126.93620225844165,37.44195442977231],[126.93604164187927,37.44209343818899],[126.93598598023927,37.442141557633846],[126.93584117871387,37.44215639725664],[126.93564340720994,37.44217796517716],[126.93557763770558,37.44228267124349],[126.93544113634769,37.442497151183666],[126.93538229548683,37.442548639118435],[126.93525878019939,37.4426566902051],[126.93525525042642,37.44265978663155],[126.93512613731936,37.44289848163342],[126.93511358547379,37.44292155815313],[126.93510987363796,37.44292803546995],[126.93503188409467,37.44306370955226],[126.93489827556738,37.443209480817046],[126.9348956158556,37.443212298615904],[126.93489405693207,37.443213064121366],[126.93488819996413,37.443215953006394],[126.93474148530179,37.4432082661838],[126.93456421459491,37.44319662322018],[126.93445115710547,37.44325822434784],[126.93405157806477,37.44347254489728],[126.9340275413479,37.44348520755188],[126.93381870731949,37.44363881839246],[126.93346886405415,37.44389625157949],[126.93340790088631,37.44394126739123],[126.93322486158682,37.444074618907976],[126.9332188563921,37.44407912058466],[126.933002088546,37.444206261666245],[126.93265193636765,37.444411316759286],[126.93221593128305,37.44466616385623],[126.9321362541191,37.44471370065311],[126.93183924407789,37.44491794463722],[126.9317498461874,37.44497617058919],[126.93148984318553,37.44507401022381],[126.931325925768,37.44513556942337],[126.9308627643703,37.44533492760696],[126.93055999941802,37.44546595161723],[126.93055434562613,37.445468480916816],[126.93051772391973,37.44554842313823],[126.93039421265145,37.44581837225614],[126.93032661424972,37.44596869084634],[126.93028531711802,37.4461418220995],[126.93028178106493,37.446152522495645],[126.93024056051215,37.44622936327058],[126.93016343963275,37.446377983202574],[126.93021048028221,37.44647796895629],[126.9302779797307,37.44662132303362],[126.9302659362336,37.446653699525065],[126.93027875573989,37.44673282369481],[126.93028961974048,37.44682377817881],[126.93032467206932,37.44708987619864],[126.93036482014618,37.44739342204636],[126.93036593841114,37.44752323052729],[126.93036807563806,37.447690197080654],[126.93036824856443,37.44769751323581],[126.93034291508616,37.447777463012386],[126.93030395718885,37.44790104813617],[126.93025592774362,37.44807925609355],[126.93024600476106,37.44811641643293],[126.9301742559361,37.44836555669096],[126.93017142315372,37.448372312606594],[126.93016629348948,37.44838412981424],[126.93005579596353,37.44853272952088],[126.93004747840168,37.44854398670262],[126.92990973937574,37.44873536699854],[126.92978617903896,37.44888114663644],[126.9296070921139,37.44909305444422],[126.92943667983921,37.44929454993441],[126.92928641692691,37.449472128508155],[126.92899189646414,37.44963384020557],[126.92895542074983,37.449735749991575],[126.92891080030245,37.449865521715736],[126.92871712943405,37.44999436231855],[126.92841621197095,37.45020056126022],[126.9283987181436,37.45021265967907],[126.92835700539318,37.449898688158015],[126.92830790225118,37.449548669816224],[126.92827965761172,37.449352684874256],[126.9282563611555,37.449336342256295],[126.92799202380237,37.449152319381135],[126.92777039308176,37.44899365932107],[126.92774479958511,37.44897787488344],[126.92725626709147,37.44874471300169],[126.92723032030514,37.44873202957577],[126.92678289582337,37.44851578450747],[126.92651779491001,37.448390602872855],[126.92643368650467,37.448271731870285],[126.92635434311829,37.448157641615886],[126.92611258096473,37.44783059315781],[126.92601753358038,37.44770158121741],[126.92577954449841,37.447488844223905],[126.92546305564308,37.44720567204472],[126.9249821344825,37.44678160001436],[126.92459848295834,37.446560603813595],[126.92425790124412,37.44636075537874],[126.92399602460618,37.44621022470549],[126.92399292208043,37.44614068184758],[126.92346946879923,37.445881298890725],[126.9232532742115,37.44577274565666],[126.92307155162209,37.44546572541236],[126.92289722944093,37.44517334855189],[126.92294661994731,37.44487295069601],[126.9229034013335,37.44467300666157],[126.92282042834783,37.444311141897565],[126.92276280854209,37.444041080918446],[126.92264937358023,37.44394358904723],[126.92235846159222,37.443704059510765],[126.92224736989347,37.443560392640926],[126.92202606212622,37.44327528216311],[126.92200704607016,37.44325078733396],[126.92188749451513,37.443096969219155],[126.92165737821158,37.4428059597219],[126.92154726241978,37.442746761809346],[126.92116945235986,37.44254603178939],[126.92110709818628,37.44240717974563],[126.92108348951831,37.442357599154896],[126.92094380003988,37.44204835084054],[126.9207938903202,37.44172416414373],[126.92069895080527,37.44151996727309],[126.92066796284925,37.44142759287523],[126.92056267817621,37.44115777681492],[126.92052359079312,37.4410544218612],[126.92049717915734,37.440984855356135],[126.92042524293201,37.44073420974646],[126.92038248276235,37.44059791253225],[126.92027897658699,37.440471412045426],[126.92027474481202,37.44046634367495],[126.91997708878802,37.44028481251891],[126.91942728722474,37.43994908449234],[126.91926389390531,37.439852393068776],[126.91866309763799,37.43998261959569],[126.91816331567543,37.440087009699795],[126.9178572689376,37.440149584590976],[126.91735922538976,37.440122202191255],[126.91647224187801,37.4400717306114],[126.91612479450134,37.440053181299405],[126.91610926705374,37.440044999253765],[126.91538951382529,37.43966802638909],[126.91534610430452,37.43964491008306],[126.91497220141324,37.439452039010106],[126.91487302675202,37.43940072590336],[126.91482962660886,37.4393790150839],[126.9141155044976,37.43932301466656],[126.91389165206797,37.43930708108026],[126.9138783451195,37.4393029896552],[126.91353583693363,37.43919756896275],[126.9131900850861,37.43909539025587],[126.91280880123999,37.43872033964075],[126.91230878996345,37.43857945915516],[126.91224623803024,37.43847298538114],[126.9120589155175,37.43817635762103],[126.91186524775789,37.4378681751165],[126.91180197955315,37.43776592542786],[126.91178928064842,37.437754364123705],[126.91175645428505,37.437745609084985],[126.91143192298381,37.4376231676456],[126.9112770673957,37.437337258743426],[126.91120308421459,37.4372012136357],[126.9112002760354,37.43718740686715],[126.91121668170447,37.437046358376826],[126.91128455113098,37.436543250319474],[126.91133355126684,37.43617134288124],[126.91114152784101,37.435976074359445],[126.91085181815065,37.435675986772786],[126.91067830599091,37.43549818455915],[126.91065386597734,37.43541482132216],[126.91061132747507,37.43526415008894],[126.91041104381941,37.43503676989465],[126.91022309151093,37.43482433076512],[126.91014090932605,37.43461421489474],[126.91002862343402,37.43432411989001],[126.90997040572557,37.43428183477199],[126.90990427123582,37.43422744478466],[126.90967867690455,37.43405973541291],[126.90940598006338,37.433864680576875],[126.90939591728329,37.43386044806471],[126.90917472858058,37.43384197501139],[126.90914065761056,37.43383716474682],[126.90859372199594,37.43369172742947],[126.90856036522291,37.43368410600899],[126.90854960144755,37.43368155557393],[126.90850951873635,37.43368630854485],[126.90839899410425,37.43369354717794],[126.90793375864124,37.43372471576759],[126.90752695889368,37.433620217672946],[126.9074699561167,37.433603557853765],[126.90745706992602,37.4335976363698],[126.9072539727344,37.43351778997162],[126.90708939028812,37.433546653314394],[126.90706898182664,37.43362997993519],[126.9069349067718,37.43369491751804],[126.90692765945211,37.4336985781561],[126.90689783405521,37.43369432934404],[126.90674832074562,37.43367308928381],[126.90650565812517,37.43374215374246],[126.90649822731382,37.433757079383085],[126.90647025849687,37.433813369923875],[126.9064640999467,37.43380548067186],[126.90640222458346,37.433726872205206],[126.90637984469154,37.433698417238965],[126.90636801028688,37.433702065808696],[126.9062328964166,37.43388103279764],[126.90620586189675,37.43390522127536],[126.9061374599511,37.43396627315225],[126.90610563996103,37.4339946825124],[126.90584400012956,37.43399616568474],[126.90582546943436,37.433996150106765],[126.90539062716763,37.43399832941592],[126.90522485255192,37.43399706845548],[126.90481844375387,37.4339944836028],[126.90444501140296,37.434031901989925],[126.9042549848558,37.43407594986707],[126.9037502013863,37.43410538477851],[126.90365412812744,37.4341298031471],[126.90352591069242,37.43416179102493],[126.90347225162584,37.43416287194962],[126.90343854991296,37.4341428590929],[126.90338598182755,37.43411183934855],[126.90321034039664,37.43409480030464],[126.90298757178175,37.43406758453904],[126.90298879648358,37.43408137965521],[126.90297229672429,37.434144436897995],[126.90294293156477,37.43418665113177],[126.90292964661458,37.434218454147086],[126.90292609165637,37.4342322471257],[126.90287426767448,37.43444478619231],[126.90286200411883,37.43450727890727],[126.90282249870876,37.43461424060396],[126.90279850465909,37.43473107330487],[126.90278944108563,37.434775556552275],[126.90278381899823,37.43489155727037],[126.90278533395278,37.43494392533227],[126.9027910984366,37.43513117832629],[126.90280108841685,37.43545695480151],[126.90280366957646,37.43564222326326],[126.90275987535418,37.43564190626071],[126.90274868420954,37.435834208097],[126.90275023758237,37.435856735731576],[126.90275059281888,37.43586151996885],[126.90270625424115,37.43587837693684],[126.90260375237185,37.43595149851795],[126.90258873335415,37.43596218846736],[126.90248415408813,37.436008557817985],[126.9024638287845,37.43602402867584],[126.90242760039587,37.43605186679369],[126.90221168178414,37.43618289867862],[126.90220565849653,37.43620062536277],[126.90202334628316,37.43628410476843],[126.90187949402372,37.43638703206623],[126.90158903227677,37.4365506609188],[126.90138807040691,37.43671435834974],[126.90106753189346,37.43692582248113],[126.90084922847201,37.43698420254816],[126.90054722611939,37.43732295023568],[126.90052170092119,37.43738994549325],[126.90050824866496,37.43741977343223],[126.90043861710367,37.43759963732189],[126.90033710426023,37.43773301582307],[126.9002625111954,37.43777811152512],[126.90027471163917,37.437781104621166],[126.90021092113786,37.437825819933884],[126.90016127830792,37.43784660953714],[126.89993121157828,37.43798551007489],[126.8998837991557,37.43805191763504],[126.8998157698476,37.438098883321935],[126.89970350607135,37.438209438778834],[126.89964956636794,37.43828034686285],[126.8995905522181,37.43831211084559],[126.89951193282732,37.43835118349449],[126.8994912448879,37.43836749976683],[126.89938838615487,37.43844906036876],[126.89932704391448,37.43850447261711],[126.89919976753556,37.43861953017239],[126.89918509525177,37.438631339344575],[126.89914461468238,37.43866819210636],[126.89906867867411,37.43867826217512],[126.8990337114158,37.43868301646867],[126.89901853456792,37.43868440819696],[126.89899928819406,37.43868608621345],[126.89899186409244,37.43868663822219],[126.89897791058196,37.43870182508272],[126.89888150885437,37.43895346615249],[126.8988724778265,37.43897204604208],[126.89875570836406,37.43927659238946],[126.8988052141013,37.439350121203915],[126.89886659880689,37.439405371772345],[126.89896908644047,37.43946430441356],[126.89919101994192,37.43959148491962],[126.89928134635686,37.439643929189934],[126.89990490185924,37.43955296032082],[126.89992591420238,37.43955635853914],[126.89989279201977,37.43963319407284],[126.89988305812119,37.43965401672471],[126.89975427173917,37.439964195953465],[126.89973673793325,37.44000331046831],[126.8996106267462,37.440307869586974],[126.89959911528784,37.44033094374189],[126.8994905123035,37.44059663840981],[126.89935793774751,37.44084938114136],[126.89927848647399,37.44097403977224],[126.89922205090222,37.441059865403304],[126.89899887264833,37.44117878518667],[126.89898256861217,37.44122606507838],[126.89897212488822,37.441253366433195],[126.89889359506935,37.44148109091314],[126.89887829619191,37.441562438865525],[126.89887119290064,37.44159228292841],[126.89882139549151,37.44185522541085],[126.89880218753025,37.44195376044317],[126.89877892137117,37.442059328824854],[126.8987029370677,37.44222735468089],[126.89868062341522,37.44227379247901],[126.89854284932044,37.44258001458878],[126.89852920772427,37.44260759175204],[126.8983889405044,37.44291859606235],[126.89825700981469,37.443206524316096],[126.89819005780252,37.44335147197295],[126.89812843411735,37.4434862816398],[126.89807459398875,37.44360421221539],[126.8979260009927,37.443936048866306],[126.8979160755802,37.44395462740902],[126.89777402666739,37.44427576764942],[126.89776288720078,37.444297994623376],[126.8977556000021,37.44432108075119],[126.89774834471703,37.44433768850116],[126.89765782046466,37.44454794037175],[126.89755863877993,37.44477507717983],[126.89740807008472,37.44511788727527],[126.8972691950432,37.445436775304],[126.89707248850381,37.445563029932984],[126.8969906671264,37.44561504431738],[126.89676417987586,37.44570437791301],[126.89633349059328,37.44572707855256],[126.89578235228547,37.44563339600224],[126.89557754152408,37.44574358584869],[126.8955054621604,37.4457781570783],[126.89548437711697,37.44582373788692],[126.89530973415326,37.446209896373574],[126.8950086860975,37.44645261735186],[126.89468016895974,37.44663815372159],[126.8946500682569,37.4466980965577],[126.8946704057302,37.44679694668881],[126.89472494696716,37.447063919344664],[126.89469665382198,37.44734038580541],[126.89472608701405,37.447630708480595],[126.8947510497815,37.44770253207604],[126.89485158104138,37.44791041226155],[126.89496815401752,37.44814759885675],[126.895003522773,37.448222522381435],[126.89523480843009,37.44837449654795],[126.89542421348519,37.44835246669383],[126.89558079235614,37.448334261630436],[126.89564123231912,37.448293203487935],[126.89586093264884,37.44814276996782],[126.89599491165333,37.44805024660008],[126.89604983593335,37.44804298146551],[126.89599598935472,37.44816174882177],[126.89594129704803,37.448253774117],[126.89590822966377,37.44841564494556],[126.89586642495415,37.44850542985684],[126.8957939776767,37.44866247369935],[126.89571942065312,37.448825435092004],[126.89567655101798,37.448916902335135],[126.89556743951424,37.449156977114185],[126.89522963642825,37.4499064816012],[126.89504150720762,37.45032611889636],[126.8949577245724,37.45051414454103],[126.89490351928923,37.45063459735239],[126.8948148983996,37.45086231047768],[126.89479454992764,37.45089100647483],[126.89460381717019,37.451159154371155],[126.89451236336666,37.45139080993955],[126.89437767891978,37.45172631300188],[126.89436811124169,37.45174572982211],[126.89424335345483,37.45205505752178],[126.89411609735055,37.45237874539985],[126.89407498720583,37.45247837639101],[126.89398299845806,37.45271733854551],[126.89380790717335,37.452783071051435],[126.89361394670503,37.45282343053197],[126.89337611450618,37.452805760026095],[126.89325450050252,37.45276285087595],[126.8932264578708,37.45274312057145],[126.89314248817278,37.45268588400172],[126.89306277268506,37.452602457473496],[126.89305449024017,37.45259317026934],[126.89302865082551,37.45250951591488],[126.89299430182746,37.45245007107169],[126.89283595416256,37.45217681281144],[126.8927836323832,37.45208666374279],[126.89275951681059,37.45203933888005],[126.8927194751542,37.452007209205405],[126.89271241811456,37.45200324654364],[126.89265047862854,37.45196743771639],[126.89262541189308,37.451960098116565],[126.89258816551792,37.45194908144743],[126.89247673840357,37.45195348257394],[126.89239102701256,37.45199930158564],[126.89235741158515,37.45204094266714],[126.89228558636042,37.45212957005834],[126.89222436884779,37.45220496425993],[126.89220264870626,37.45221845933896],[126.8921036586571,37.45228003262022],[126.89196376473161,37.45230440129961],[126.89190426085244,37.452305472156205],[126.89175244836315,37.452264506533886],[126.8916915625925,37.45224389823604],[126.89156778470353,37.45222914208332],[126.89136491302557,37.452211490727464],[126.89104860136047,37.45224245253574],[126.89072444474307,37.45231986045894],[126.89050865189755,37.45244128359978],[126.89032199032279,37.4524963317792],[126.89020976564582,37.45250408309526],[126.89014782384042,37.45248599592917],[126.88984950926977,37.452277364936535],[126.88978012226596,37.45227307478117],[126.88964213485336,37.45231546180952],[126.88963736520766,37.452322494459146],[126.88956055517626,37.45243222777063],[126.88952054769535,37.45262112141227],[126.88950365768181,37.452701069513544],[126.8895191779635,37.45281962103963],[126.88953577229965,37.45294663276452],[126.8896477037768,37.45331924156758],[126.88966648013539,37.45352170669951],[126.8896527695977,37.45359855795009],[126.88959204740574,37.45370296254735],[126.88951742231774,37.453770467375335],[126.8892718131077,37.45386624643393],[126.88908517150102,37.45397165810718],[126.8890214884694,37.454166998432974],[126.88903166429677,37.45420867898451],[126.88913161116288,37.45432815715611],[126.8892648908757,37.45448229179641],[126.88928559235657,37.454574954338845],[126.88920324886787,37.45472382975606],[126.88918079260186,37.45473816108862],[126.88917278550312,37.45474180238362],[126.88916347764757,37.45474602891237],[126.88887972253232,37.454727738419514],[126.88876417117322,37.45476564173077],[126.88834109859687,37.45508959888221],[126.88828498885815,37.45516865333692],[126.88823802210473,37.45528490208485],[126.8882355385523,37.455290818707105],[126.88819917349274,37.45540030930383],[126.8881151020391,37.455523559065945],[126.8880709078964,37.45555533005237],[126.88801665670188,37.45557865205642],[126.88797162076881,37.45557550745272],[126.88786002402658,37.4555675167766],[126.88766034955704,37.45553719527619],[126.88753239794808,37.455485823571266],[126.88747588636889,37.45547845304526],[126.88737348962472,37.45546343196049],[126.88724150830767,37.45550356141309],[126.8870971031882,37.455592117841],[126.88683594986412,37.45579459127242],[126.88668175275068,37.455927905801],[126.88660193265984,37.45604862714982],[126.88659839065646,37.45605256046627],[126.88653205120744,37.456130488182666],[126.8864032397281,37.456173438339704],[126.88634681583385,37.45623560787718],[126.886326803031,37.456269943116105],[126.8863175874341,37.45628766608748],[126.88629544563757,37.45633128883836],[126.88626468008036,37.456362514362645],[126.88622091555273,37.45645116650769],[126.8861854863329,37.4565226462008],[126.8861276645394,37.456802468798685],[126.88610889279468,37.4569480164618],[126.88606844423246,37.457070459794515],[126.88599996606746,37.45727508191493],[126.88588075142854,37.45750838902963],[126.88586914402981,37.45758834197384],[126.88591453214256,37.45781786391967],[126.885947270386,37.45789447134814],[126.88600134689774,37.45798716698132],[126.8861471201198,37.45816018495476],[126.88623875059751,37.45829261234776],[126.88632186415185,37.458450928228615],[126.88636192533211,37.45858809238978],[126.88637426624544,37.45871452338556],[126.8863645801858,37.45881757047098],[126.88633716102969,37.458957200407845],[126.8862857059324,37.4591145461973],[126.88622869578197,37.4592096536907],[126.88619844705678,37.45924116133685],[126.886103520392,37.45929738004671],[126.88594097673857,37.45934001907992],[126.88585319154822,37.459353169652815],[126.88576876000431,37.45936012369226],[126.88551107169228,37.459372827041925],[126.8854334899411,37.459409350499115],[126.88541793731999,37.45941665037456],[126.8853765229091,37.459469265505504],[126.88535647202342,37.45953456697753],[126.88534005820507,37.45963704202369],[126.88534960078887,37.45986258109674],[126.88535294201301,37.459872162213244],[126.88540094187648,37.46001383844101],[126.885443675032,37.460124531094024],[126.88551853626927,37.4602552516162],[126.88565037316157,37.46043079711985],[126.88566888977039,37.46044404242054],[126.88576503901771,37.460512279495354],[126.88591560424054,37.46068249210429],[126.88601397327243,37.4607938075839],[126.88607197975361,37.460859466290536],[126.88612808299459,37.460899787464164],[126.88618599327837,37.460910538302365],[126.88620134554425,37.46091646444602],[126.88625378748839,37.46092666090801],[126.88626013937596,37.46092694586453],[126.88682634531571,37.460930307149894],[126.8869607063824,37.46095831569953],[126.88707687481252,37.46098264718702],[126.88747359675669,37.46106552560698],[126.88749655511698,37.46106301600981],[126.88752552599541,37.46105543991862],[126.88768203340499,37.461037291856606],[126.88785888291824,37.46099747583729],[126.88795324985966,37.46095448824868],[126.8883358671162,37.4607808451317],[126.88863061440581,37.46078817334072],[126.88876919025789,37.460832508518855],[126.8888755166748,37.46094691994946],[126.8885324901341,37.46133205047575],[126.88810790937217,37.461806644389405],[126.88798920837034,37.46193830236029],[126.88785900775369,37.462080086038135],[126.88712180405281,37.46290436138511],[126.8870433955159,37.46290231251124],[126.886923845579,37.462891780904656],[126.88664377892684,37.46286672959761],[126.88639181497268,37.46282340742913],[126.88624491239516,37.46279819990085],[126.88604452818038,37.462746484486246],[126.88600885768835,37.4627450354676],[126.8858356672701,37.46270206747168],[126.8856655293201,37.462622784567344],[126.88556740910882,37.46257706949689],[126.88545656844404,37.46252572126787],[126.88531940621684,37.46248814040467],[126.88514123137779,37.46246797156189],[126.88485800334361,37.462543152634915],[126.8843536959606,37.46271159139032],[126.88431711106465,37.46272394410357],[126.88418240043903,37.46280855930188],[126.88378214519236,37.463181519154915],[126.88341860078846,37.463674456220176],[126.88314851605901,37.46392617852795],[126.88297051405047,37.464131544972325],[126.88274561568491,37.46439092593094],[126.88277354472237,37.46482906738665],[126.88287347323839,37.46496149768143],[126.88292816164339,37.465004071309785],[126.88314750149708,37.46512845899275],[126.88333269743497,37.46517397253495],[126.88344586939094,37.46520168360411],[126.88378908572662,37.46528592804816],[126.88385191789524,37.46531048794376],[126.88399052170062,37.46534131398592],[126.88414853602352,37.46537666529964],[126.88418525844499,37.46538515232499],[126.88434481120336,37.465457391494],[126.88456846211224,37.465654708127815],[126.88457429417608,37.46564823413286],[126.88459418504885,37.46580987747624],[126.88461752785035,37.466012338122155],[126.88449236988393,37.46620339762018],[126.88432807734733,37.466452136624845],[126.88431709668936,37.46646958778776],[126.88432132959562,37.46647380800184],[126.88424971013565,37.466529769701765],[126.88399444469745,37.466668613530466],[126.88366332039753,37.46675528477699],[126.88327600467017,37.46685653940934],[126.88301409496482,37.46706435609482],[126.8829213868498,37.467274304746155],[126.88290508656718,37.46731061612952],[126.88284695155062,37.467438662493976],[126.88277251055504,37.46759880384657],[126.8827218252348,37.46771165773517],[126.88265278471474,37.467808167715944],[126.88261104005778,37.46785120202642],[126.8825298250125,37.467933895242005],[126.88242357724407,37.467998274172366],[126.88227014660806,37.468070478633706],[126.88210135561408,37.46814829877499],[126.88194740297772,37.46821374540164],[126.88179620386646,37.468331010645926],[126.88163120761735,37.46845923610002],[126.88158086931257,37.46856730502818],[126.88151120451266,37.46872096452297],[126.88145956201606,37.468879713630805],[126.8814468272795,37.46899599384164],[126.88146847886904,37.469156501964115],[126.88153184968863,37.46929115762589],[126.8815929399809,37.46941679324206],[126.88146660241412,37.46955913941765],[126.8813360067912,37.469706538246236],[126.88119516008096,37.46986548304712],[126.88106704271138,37.47000894670527],[126.88091061255224,37.47018532834115],[126.88080073041657,37.47030825845583],[126.88066819138038,37.470458481780554],[126.88058520515351,37.470551028969055],[126.8805480465374,37.47059238331285],[126.88046575944635,37.4706854891756],[126.88044310059274,37.47071672312426],[126.8804059713823,37.470740614327966],[126.88032517381583,37.47079262822956],[126.88020447219625,37.47093497010342],[126.8800999652888,37.47111534249995],[126.88005090428621,37.47119864439435],[126.88003975484109,37.47121468038191],[126.87993018968584,37.471354780786186],[126.87978451531663,37.47153905742706],[126.8795579619568,37.471829676907134],[126.87946025439119,37.47195656357522],[126.87940609245166,37.47202576624525],[126.87896535076308,37.472591257063876],[126.87873771552177,37.47288413525552],[126.87856600403872,37.473107513583315],[126.87845147987925,37.473255213124034],[126.8782753472607,37.47348563215827],[126.87812258687322,37.47368312509972],[126.8780114143206,37.47382773736765],[126.87797952423996,37.473880917552464],[126.8778683031571,37.474062126684025],[126.87781251659766,37.47414991711713],[126.87777425952204,37.47421237931117],[126.87758404575712,37.47451796140922],[126.87748486079343,37.47467891177201],[126.87743101950205,37.47476417059425],[126.87732509943709,37.47493694478825],[126.87723601546114,37.47508044366494],[126.87711415798762,37.47527824774357],[126.8769931896852,37.47547155619545],[126.8768413897725,37.47571973944543],[126.87679056353625,37.47579992832326],[126.876695446206,37.47595384493101],[126.87657447358015,37.4761479918713],[126.87643030154007,37.47638294642377],[126.8763697256065,37.47647889314693],[126.87625069575293,37.47667304998648],[126.87614353853708,37.47684468486801],[126.87598571281156,37.477103834705595],[126.8759281173886,37.47721527193185],[126.87582090340338,37.477419857631006],[126.87567185776422,37.47770717236287],[126.8756344598446,37.477780348557744],[126.87554620512495,37.4779517240477],[126.87549853984012,37.47803952047263],[126.87536084367377,37.478298411605174],[126.87532044829726,37.478372691387406],[126.87527082627584,37.47846809906173],[126.87513152769222,37.478737682830065],[126.8750705596992,37.47885615350678],[126.87495854201869,37.47907199474297],[126.87485237850798,37.47928051691535],[126.87478538256865,37.47940742280088],[126.87475011457016,37.47947778882163],[126.87455675923465,37.47985346213731],[126.87440574958448,37.48014556692695],[126.87428469736503,37.48038025541431],[126.87426574164587,37.48041684191261],[126.87423512834813,37.48044158643632],[126.87419885167738,37.4804795610704],[126.87417894345035,37.48055245804929],[126.87420781844406,37.48060570096669],[126.87418177547055,37.480655804903115],[126.87413691080886,37.48075711003699],[126.87406455000695,37.480918085512535],[126.8739925696472,37.48107512612554],[126.8739391954309,37.48119388340786],[126.87387978727592,37.48132333868933],[126.87380993580747,37.481478396188685],[126.87375531153405,37.48160053948828],[126.87369537057634,37.48173056179046],[126.87362922782275,37.4818783092658],[126.8735726688038,37.48200100831112],[126.87351680794661,37.48212539446765],[126.8734418002967,37.48229200710497],[126.87337901366801,37.48243355834906],[126.87320436348139,37.482295686882814],[126.87318900791303,37.48228356167416],[126.87297138623352,37.48227037747946],[126.87274429650711,37.482424994720624],[126.87276861124803,37.482665469970506],[126.87278056259515,37.4828028855532],[126.87277870444372,37.48296421682792],[126.87277295114146,37.48312779676126],[126.8727685166978,37.48323394706156],[126.8727650861502,37.483382609524725],[126.87278663450655,37.48348877892937],[126.87280070693807,37.48352426802109],[126.87285754342741,37.48365665972739],[126.8728732421269,37.483673021252685],[126.87294694675194,37.483753335648366],[126.87301098718022,37.483804652913925],[126.87314771046529,37.48391461489394],[126.87323412462383,37.48400086437199],[126.87329509278611,37.484091588461936],[126.87330476206063,37.48412257596732],[126.87329741417179,37.48418113221548],[126.87319043634328,37.48423902294087],[126.87314429523023,37.48425727230489],[126.87297636808138,37.484313121336015],[126.87278352695998,37.484370350758915],[126.87274730858944,37.48437312374772],[126.87244323549467,37.484396163105195],[126.87220838074069,37.48443335279918],[126.87201365088967,37.484661768379866],[126.87189514228005,37.484847468091736],[126.87179719333665,37.484997432413024],[126.87176262320455,37.485269387416935],[126.8720314781066,37.48560023319261],[126.87223223105023,37.48576207449403],[126.87237755678498,37.48601281903719],[126.87244469633887,37.48611003940481],[126.87261417152268,37.4861907449292],[126.87267382161698,37.48622009438674],[126.87268671497323,37.486224332933816],[126.87273456015967,37.48624015327338],[126.87289532352466,37.48625186984412],[126.87304222287105,37.486197969661575],[126.87313717645914,37.48615189674409],[126.87321414893192,37.486074837262784],[126.8733003308488,37.48598820017586],[126.87343608933246,37.48584362905492],[126.87355802780502,37.48571255707924],[126.87362494224205,37.48564026104405],[126.8736672842782,37.4855671008119],[126.87375127422408,37.48542641008655],[126.87381310599314,37.48532173526982],[126.87393954963241,37.485248665816975],[126.87409032602353,37.48520040897212],[126.87412584832146,37.485189175632456],[126.87421949204408,37.485187591034794],[126.87442090996605,37.48527368237739],[126.8745564422577,37.48536674921141],[126.874591377594,37.485388743482915],[126.87472402362371,37.48551811750893],[126.87477815768972,37.48557309099806],[126.87485677307843,37.485673411384305],[126.87492544557867,37.48581651877127],[126.87499022812888,37.48595398087199],[126.8749944647473,37.48595624786942],[126.87500132375611,37.48597173492929],[126.87502262108717,37.48601427464451],[126.87501797105422,37.486050030265],[126.8749890140479,37.48625806834792],[126.87498932805798,37.4862729981466],[126.87499832175735,37.48649093216228],[126.87501343196259,37.48654275692064],[126.87505051654543,37.48665739444198],[126.87512138448508,37.48675348981758],[126.87512349435649,37.4867563023064],[126.87513916130698,37.486792360136235],[126.8753629895691,37.48690127720842],[126.8759742574628,37.4869112258434],[126.87626185356365,37.487239550551585],[126.87668873404623,37.487852691326744],[126.87669854268542,37.48790393994947],[126.87676002531931,37.48811743487874],[126.87676797933295,37.48821683324003],[126.8767693799322,37.48822359143502],[126.87680025386199,37.488357072135365],[126.87679035445798,37.488570778021206],[126.87666836558985,37.48873170377231],[126.87652296101703,37.48883656066984],[126.87638214798764,37.48894116269959],[126.87609579157368,37.48902982197991],[126.87604346837685,37.48904723769664],[126.87581682389398,37.48902813055029],[126.87563135953789,37.48889531479279],[126.87537213795075,37.48860841148403],[126.87518945050029,37.488507134010014],[126.87499741947606,37.48849453939818],[126.87471601487756,37.48857730144793],[126.87456681415318,37.48873341081996],[126.87449487461582,37.488861157160066],[126.87434416231397,37.48886014839801],[126.87407202965115,37.488795658865556],[126.87373058396741,37.48864493992565],[126.87357529013963,37.48854030956695],[126.87347946271161,37.48847938911087],[126.87326952738097,37.4882981059612],[126.87307774735177,37.48825285692389],[126.8729554006463,37.488300592148605],[126.87292252138917,37.488313505536475],[126.87274847186761,37.48843073303744],[126.87266911091399,37.48855396619595],[126.87268339222996,37.48877782699049],[126.87263992948789,37.488981350996106],[126.87245774658905,37.489204429118885],[126.87244531675717,37.48924045521912],[126.87241371609785,37.489330801266966],[126.87244039788558,37.48953552684605],[126.87244515857769,37.48954201136257],[126.87267148620388,37.489844931007774],[126.87267624626335,37.48985141331089],[126.87277059138741,37.489958780602336],[126.87283922175,37.490014338591],[126.87314930750686,37.49020949982882],[126.87327638052619,37.49028933242133],[126.87336843656516,37.49038657766427],[126.87357693171559,37.49048168738983],[126.8737527370985,37.4904756788558],[126.87393321685498,37.49042886047865],[126.87402067862611,37.49031603247448],[126.87409064130672,37.490214474343055],[126.87409188088871,37.49020939373927],[126.87414915702543,37.48998055661372],[126.87411047036693,37.48977723174822],[126.87432243978553,37.489695523930855],[126.87457919417358,37.489769285559476],[126.87465123988622,37.48989887240998],[126.87462011285986,37.4900252757199],[126.87454589432772,37.49013697332963],[126.87449735419477,37.49020928073459],[126.87449240015106,37.490216600562576],[126.87442795942215,37.49028916978781],[126.87445369947102,37.49042687096044],[126.87458089988499,37.49053908313645],[126.87464035742697,37.490590376874906],[126.87466770736482,37.49061238102358],[126.87483955957546,37.49074546347137],[126.874667845941,37.49084437259373],[126.87453459220593,37.491068370810154],[126.87437268123301,37.491221365867446],[126.87413007310947,37.49133766779428],[126.8739518480859,37.49130791248103],[126.87376842721065,37.49122239879373],[126.87355968425595,37.49106674213164],[126.87329769263071,37.490845442371835],[126.87308343602552,37.49080748507561],[126.8728639496379,37.49083848423405],[126.87271698588187,37.49081947500423],[126.87253885682749,37.49074156957636],[126.87244776177593,37.49069697911526],[126.87225463563874,37.49060244254791],[126.87217898362888,37.49061897338034],[126.87212204913182,37.490645381882814],[126.8720164635462,37.49071537318252],[126.87194998378205,37.490737248848184],[126.87183402663918,37.49077571172726],[126.87177093426223,37.49078098604019],[126.87168914851723,37.490773003137],[126.871567964191,37.49076133700288],[126.87150566113039,37.49072184860642],[126.87148029181331,37.490679870881074],[126.87147290362017,37.490565832090205],[126.87150310316424,37.490468711558755],[126.87155753167083,37.49036094866125],[126.87157723236534,37.490209205793],[126.87154776510414,37.49008528616433],[126.87150568108054,37.48999879714124],[126.87134237455561,37.48983362588816],[126.87125961052944,37.489770744782405],[126.87108026997397,37.48968324942101],[126.87094589670525,37.48963722148748],[126.87065821268219,37.489560876487594],[126.87042098481787,37.48953583698724],[126.87037556706524,37.48954056108129],[126.87033475056045,37.48954475128704],[126.87022812440341,37.4895961604322],[126.87017041476612,37.48966564445088],[126.87013621846029,37.489719098310765],[126.87012537467652,37.489757099375936],[126.87013411884686,37.489807493965856],[126.87016591119696,37.48991256799453],[126.87021613638156,37.489984423080315],[126.87023440269701,37.490052848738785],[126.87023340402871,37.49011283593541],[126.87021040210767,37.49013420849472],[126.8701654496449,37.49017638870657],[126.87011327685951,37.49020926214886],[126.87006498827438,37.49023737388804],[126.86996864418529,37.49026739635005],[126.8698769003303,37.49029601674954],[126.86978674171893,37.490325199527696],[126.86975970142547,37.49033333162494],[126.86972786378378,37.4903563717469],[126.86970274304353,37.49037409315723],[126.86968037892859,37.49043094881971],[126.8696843406372,37.49048639958811],[126.86972642543267,37.490570934593045],[126.86973611468517,37.49058418035829],[126.86978989815923,37.49063912890978],[126.8698630995725,37.490711291000025],[126.86991019446008,37.49075751981714],[126.86995020446493,37.490806848294504],[126.86999303922717,37.49086996574494],[126.86999318448375,37.490987645893654],[126.86999311927599,37.49102426194313],[126.8699501843136,37.49112134330933],[126.86989200256956,37.49125334616467],[126.86979944406713,37.4913461549953],[126.86968800586546,37.49141895610998],[126.86964996860905,37.49144369167541],[126.86958155838603,37.491468942928144],[126.86952586423523,37.491490855521505],[126.8694133627785,37.491562530608824],[126.86934591815856,37.49163649100387],[126.86930453494426,37.49175752921248],[126.86929819436216,37.491851829413584],[126.86930626864893,37.49187691391032],[126.86936626637805,37.49201860929492],[126.8694373646735,37.49208513740179],[126.86946292860011,37.49211275457022],[126.86951218576556,37.49213139772635],[126.8696158296028,37.49217121009609],[126.86966510152617,37.492181123054856],[126.86968153353442,37.49218084268372],[126.86988826642455,37.49217656843425],[126.86997691323337,37.4922054010717],[126.87002239647481,37.49226204314233],[126.87005740343652,37.49235218142767],[126.8700544211641,37.492435241453485],[126.87001353110047,37.49248137291622],[126.86995923651456,37.49251002746629],[126.86956139941948,37.49257940213637],[126.8695377259702,37.49258305087761],[126.86945519287652,37.49259534839083],[126.86940512581397,37.49263161116392],[126.86938156855719,37.49266479599552],[126.86936892439024,37.492717444805926],[126.86937341964588,37.49277207814876],[126.8693885157236,37.49282953364521],[126.86941846122816,37.49288559017015],[126.86943342988056,37.492913204700585],[126.86958044144843,37.49310680489651],[126.87006689599949,37.49348576714105],[126.87001659168557,37.49365717964734],[126.86985403969352,37.493760613641875],[126.86980022041591,37.49381574019712],[126.8697094568138,37.49409550787271],[126.86950267609494,37.49432840145134],[126.8692431005885,37.49453308645094],[126.86880735162259,37.49476011062068],[126.86870919741489,37.49481124945225],[126.86848322523035,37.49499737557253],[126.8683489265555,37.49510789358016],[126.86829447895944,37.49512613068128],[126.8682294540445,37.49512831030298],[126.86799050653767,37.4950615922111],[126.86758862725839,37.4948158940579],[126.86761040907417,37.49468809432961],[126.86758892733751,37.49464667740025],[126.86755098324642,37.49462438935424],[126.86742470327177,37.49459496334024],[126.86737422186886,37.494565065652274],[126.8673270911616,37.49453854065527],[126.86727378313202,37.49450863878901],[126.86722383029644,37.494479857355714],[126.86712217353917,37.49442174535512],[126.86707575002924,37.49439914876174],[126.86704237102983,37.49438420025287],[126.86698358469826,37.494357949355006],[126.86695162777019,37.49434524586935],[126.86689140449073,37.49432490400591],[126.86678678351976,37.49424256901954],[126.8667752069186,37.49419665865754],[126.86684387189057,37.49413141562386],[126.8669070516788,37.494079679405594],[126.86697664884132,37.49398740564376],[126.86703572327549,37.49395453264218],[126.86713623041227,37.49396731508387],[126.86721657962956,37.49399443620469],[126.86729154443826,37.49406799895602],[126.86730000010506,37.49407646857243],[126.8673495669406,37.49412495235523],[126.86742012893058,37.49418697751702],[126.8674734269245,37.49422279769559],[126.8676134824418,37.494258428186],[126.8676272681933,37.49425112897453],[126.8677513774106,37.49410964088759],[126.86778077084483,37.49407588742181],[126.86777151743316,37.49400773357805],[126.867756015484,37.493892560282866],[126.86774901556988,37.49375374500624],[126.86776468779178,37.493582274681806],[126.86774355283218,37.49354397618623],[126.86767088250352,37.493472373501106],[126.86753748946315,37.49337423746018],[126.86747330368168,37.493203822785475],[126.86737000059883,37.49307446643479],[126.86715948634257,37.49292162449006],[126.86704205384476,37.49288460453635],[126.86695569316689,37.4928667655452],[126.86683499412571,37.49287958288944],[126.86675580607165,37.492898351812336],[126.86660209931912,37.49289198621174],[126.86668607448851,37.492663453388886],[126.86658598771413,37.49261378357043],[126.86649943382716,37.49260382840229],[126.8663640274322,37.49263886587218],[126.86630397445236,37.492631481027175],[126.86620480830288,37.49255534187033],[126.86608113195193,37.49236260320314],[126.86581366832317,37.49214522687348],[126.86555237433059,37.49174398198826],[126.8654780904605,37.491596357741685],[126.86540403960947,37.491508135786006],[126.86515210891855,37.49159288282794],[126.86505362513988,37.491541239812726],[126.86485158676325,37.49139572044044],[126.86479536152848,37.49132357502929],[126.86479935841201,37.49125713105121],[126.86476984523767,37.49116559093688],[126.86455544656694,37.49102118409817],[126.86449670808051,37.49106841805795],[126.86448937244823,37.49111655952947],[126.8645181936414,37.491203024777214],[126.86427987690833,37.49109209643588],[126.86415485853759,37.49105055078451],[126.86403000032043,37.49101944756824],[126.86369086052943,37.490973155573435],[126.86344834311303,37.49093935546899],[126.86329184000233,37.49091862994288],[126.8631906279688,37.49090526554286],[126.86311309569133,37.4908913900019],[126.86310267401576,37.49088997276508],[126.86302813758562,37.490876090213426],[126.862811087744,37.49082823683934],[126.86273375543487,37.49080449477237],[126.8625868429982,37.49075872254645],[126.86238768368024,37.49067907316157],[126.8621749769716,37.490577460129536],[126.86208955645836,37.49053119239947],[126.86195048355094,37.49044797445315],[126.86183031995584,37.490367867770104],[126.86176820657656,37.49032612409725],[126.8616230336388,37.49020374887423],[126.86148176580383,37.49006730487791],[126.8613844241871,37.48996808040137],[126.86111908361458,37.48966818243063],[126.86102581083227,37.48955826783323],[126.86101647965911,37.48954727337758],[126.86068610304665,37.489168181159386],[126.86018595632459,37.488595448234825],[126.8592560158993,37.487531152047715],[126.85901378874276,37.487256055148016],[126.8585450401688,37.486721079544004],[126.85839255134694,37.4865516784089],[126.85824252958038,37.48638143280338],[126.8582254266812,37.48636029143513],[126.85811613278837,37.48623739818491],[126.85797103224833,37.48608462014533],[126.85783430078949,37.485983090858696],[126.85772170450925,37.485919883539786],[126.85767688758041,37.48589475527674],[126.85763011975523,37.48586711764063],[126.85748359866572,37.4858069687257],[126.85744917240734,37.4857945375166],[126.85729042175547,37.48576055650907],[126.85721499662623,37.48575426568959],[126.85708640214995,37.48574369421035],[126.8567680945572,37.48572105728632],[126.85655188080419,37.48570671829606],[126.85642309566546,37.48570205634138],[126.85602423495548,37.48558302047319],[126.85597356197142,37.48556943519987],[126.85589020760646,37.485546807282056],[126.85572971098229,37.48549818031295],[126.85559713744468,37.48544819089001],[126.85550694653772,37.48540667862078],[126.8554232874825,37.48535984903032],[126.85533436138559,37.48530172426606],[126.85516502799301,37.48517087017959],[126.85507775545396,37.48507728378888],[126.85505024789866,37.485047695485726],[126.85497993499726,37.48495807735972],[126.85494664269618,37.484909885727994],[126.85488693621589,37.484815206375565],[126.8548661447634,37.484786177336886],[126.85477040824188,37.484596847699066],[126.85467132051627,37.484404703848746],[126.85457780627901,37.484259302440975],[126.85457393355497,37.48425141259071],[126.85451040632076,37.484121814954634],[126.85444248958937,37.483982635115105],[126.85436840814683,37.48383303099675],[126.85431175336193,37.48371780202643],[126.85422130619718,37.483530732757494],[126.85408021130849,37.48323294753023],[126.85397375806096,37.483016294637096],[126.85394824745862,37.4829669877635],[126.85389980469607,37.48289540452133],[126.85386405277184,37.48283848815906],[126.8537891353126,37.482753349793626],[126.8536501632387,37.48263127040995],[126.85363711190995,37.48262168648618],[126.8534000424251,37.48262194838244],[126.8531553625513,37.48262220829732],[126.85306734371362,37.48255367588028],[126.85295867151238,37.48247750378307],[126.85296929041182,37.4824648585859],[126.85304240993956,37.48238976122659],[126.85305142421196,37.48238218725554],[126.8530914372334,37.482341691917846],[126.85312842010036,37.48230738338828],[126.85306930768051,37.48227521469612],[126.85303636604422,37.482227304456586],[126.8527004669192,37.481818620097144],[126.8526196252416,37.48178668587073],[126.85258624175998,37.48177876023062],[126.85246793435213,37.481756383432256],[126.85232699512684,37.48173733735094],[126.8522469808882,37.48173273246104],[126.85222631265971,37.481732426044005],[126.85206621801565,37.481664929155414],[126.85196573392032,37.48164537555713],[126.85185360893307,37.48162411418609],[126.85175188413298,37.48160371353141],[126.85166782983929,37.48158868507861],[126.85161377374114,37.4815835444258],[126.85129125625578,37.481555825988224],[126.85099046900687,37.481527845342384],[126.8508431498763,37.48152259414293],[126.8507018177919,37.48152551282806],[126.850573001686,37.48153942158094],[126.85052281875363,37.48154836832579],[126.85051433718682,37.48155005025034],[126.85041837155632,37.481566821363344],[126.85037436688376,37.481578028441874],[126.84933242649257,37.48184331395883],[126.84922354988213,37.48187078094126],[126.84901338153291,37.481931327693765],[126.84893826415889,37.481952629568795],[126.8487325092469,37.482010649677],[126.84846913690069,37.48208659664335],[126.84832356129893,37.48209120937409],[126.84819953484426,37.48209525698299],[126.8481341704069,37.48209715359552],[126.84807305451116,37.48209426371573],[126.84780296309395,37.48208320938026],[126.84757814976744,37.482045191098784],[126.84751404439913,37.48203440307481],[126.84745541732697,37.482024759312985],[126.84701576598064,37.481910136849486],[126.84698648203025,37.48189462711143],[126.84692772093766,37.481862727417344],[126.84687301630922,37.48183281412864],[126.84684954939489,37.48181926861529],[126.84679255606125,37.481786533607185],[126.84672410043201,37.48174617843076],[126.84670733178493,37.48173629866835],[126.8466355194114,37.48169622745814],[126.84662369520333,37.4816897336492],[126.84655685680674,37.48163333414982],[126.8465171760649,37.48159893540186],[126.84646745878077,37.481551270542624],[126.84646234705264,37.48154648848224],[126.84642038072836,37.481507012993454],[126.84640821821573,37.48149545707703],[126.84638795823867,37.48146755287829],[126.84634692093607,37.48141146543612],[126.84628595345873,37.48133170948741],[126.84626304902265,37.48130323554082],[126.84621918763175,37.48124010875257],[126.84620054050167,37.481204034470885],[126.84615918636544,37.48112626902742],[126.84614740455477,37.48110486378112],[126.84608986812563,37.480989899964214],[126.84604936869326,37.48092538060152],[126.84603375983923,37.48087299376597],[126.84600724523514,37.48079833949111],[126.84598678027207,37.48069554367574],[126.8459768279113,37.4806417500688],[126.84596327370116,37.4805324848606],[126.84594849072268,37.480420687690405],[126.8459342168045,37.480314801870406],[126.84592926818453,37.48023089472169],[126.84591685608274,37.480083041640746],[126.84590413709789,37.4799135381776],[126.845894160483,37.47978541129569],[126.84589227237277,37.47975809889363],[126.84589038768614,37.479729364390664],[126.84588086252276,37.4796387019949],[126.84586904296896,37.47937514333277],[126.84586567247003,37.47929940022707],[126.84585465774391,37.47915860383771],[126.8458508842389,37.479102565173946],[126.84584282257217,37.47898372208567],[126.84584023342529,37.47895613897849],[126.84583476930146,37.47886518547088],[126.84582742744317,37.47874185554395],[126.84581502098814,37.47850954392084],[126.84581348328234,37.478481952328934],[126.84581263462796,37.47846646220026],[126.8457949485139,37.478218106113566],[126.84578183471493,37.47807082948672],[126.84576400029496,37.47781092065106],[126.84575465890443,37.477714898089395],[126.84569133437294,37.477079328910165],[126.84568804174182,37.477041870124246],[126.84567405561377,37.476890655102665],[126.84565590801247,37.476695787913044],[126.84565261300652,37.4766650969739],[126.84565053810634,37.47664679486772],[126.84564192321466,37.47654316727041],[126.84563416645153,37.47645164372609],[126.84562862064593,37.47639448557637],[126.84562361331358,37.47634492293656],[126.84560694814587,37.47619848810249],[126.84554617759568,37.47569467623362],[126.84549649045194,37.47495045522902],[126.84548728779744,37.47487413731066],[126.84547965069821,37.474812463530334],[126.84547600844368,37.47478092288262],[126.845430968864,37.47443763579189],[126.84541949885681,37.47434864649849],[126.84540963053712,37.47425037085103],[126.8453985587582,37.47413773033736],[126.84538483356319,37.474030160647146],[126.845370777053,37.473907082221075],[126.84536748581189,37.47387527283958],[126.84536592460823,37.473859503126675],[126.84536055113803,37.47381246413662],[126.84532050645257,37.47378708364797],[126.84523778411801,37.47372868965102],[126.84510992308033,37.47363250967347],[126.84505122173236,37.473576397542054],[126.84503323682128,37.47355892156383],[126.84497789180246,37.473503662568255],[126.84495516593005,37.47347237534741],[126.84491501401614,37.473498226799485],[126.84487213586601,37.473648511653074],[126.844836818748,37.47372477973484],[126.8448199985947,37.473745308049544],[126.84474260685757,37.47375562979053],[126.8447108098281,37.47375980563577],[126.84470002184187,37.47376120588671],[126.84460694288695,37.473844982626304],[126.84455260577145,37.473978077821855],[126.84449095572622,37.473979978749554],[126.84448938520885,37.47405515705353],[126.84439485386652,37.47415752041305],[126.84431965371382,37.47430242683975],[126.844335264759,37.47443842697067],[126.84434090658509,37.474524606347345],[126.84430723870248,37.47457862185186],[126.84424978859344,37.47459994456775],[126.84422192192254,37.47457738201335],[126.84413166083831,37.47449279378781],[126.84404832753934,37.47447296833436],[126.84382075870647,37.474498559448605],[126.84366485950272,37.47454341047794],[126.84353557099452,37.474540426188625],[126.84351804208043,37.47455898141181],[126.84335758095051,37.47467589693456],[126.8433502622902,37.474715306497274],[126.84326392580111,37.4747793870815],[126.84311200073024,37.47486985205066],[126.84307734051649,37.47488499459842],[126.84295254860763,37.47492482372348],[126.8428659532843,37.47494610636761],[126.84284863449497,37.47495143445964],[126.8427816436799,37.47497161631057],[126.8426963476079,37.474960240742355],[126.84264690056692,37.47495397569365],[126.84250380864277,37.4749613871068],[126.84247206190189,37.47493572009768],[126.84239792011394,37.47491591547379],[126.84237884717625,37.47491109569154],[126.84234247612181,37.474901758672914],[126.84229996495124,37.47487636508854],[126.84219313138351,37.47486101166346],[126.84203826268678,37.47483433993161],[126.84196404876357,37.474849161209306],[126.84196195987855,37.474831695726614],[126.84186728898494,37.47483241616579],[126.84181729614085,37.474832914493795],[126.84174259883338,37.47482012839497],[126.84163739274928,37.474787900734775],[126.84152582843528,37.47475396346076],[126.8414022120147,37.47473662274673],[126.84128919334526,37.47472126098642],[126.84121471815071,37.47468877735884],[126.84115804881357,37.47467687921162],[126.84103234043141,37.47464797618605],[126.84093976484228,37.47465348116273],[126.84082529242751,37.47465756006907],[126.84078695401055,37.47466398585754],[126.84076786329766,37.47466733864638],[126.8406250814441,37.47469276946183],[126.84045242544963,37.47473307866956],[126.84042009146022,37.474733873579474],[126.8402747073214,37.47473987433445],[126.84010860733734,37.474763297784854],[126.84003079667899,37.474804583309975],[126.8399490722636,37.4748616222798],[126.83994535772804,37.47486556421157],[126.83982514439185,37.47498871005311],[126.83969480309588,37.475143684924085],[126.83966350772401,37.47515547124188],[126.83956769763638,37.475191940032815],[126.83947233335843,37.4751782937348],[126.83944619854675,37.47517713096409],[126.83923425314636,37.47516557842501],[126.83912273006621,37.47519020186812],[126.83908065790258,37.47520873247456],[126.8389043676061,37.47529183232801],[126.83884549757741,37.475309473904694],[126.83877765433482,37.47531530977478],[126.83875257537254,37.4753172302606],[126.83866774772481,37.47533513193015],[126.83858579308864,37.47533109120402],[126.83856017497251,37.47533160576545],[126.83851193600763,37.47533662148575],[126.8384452976409,37.47536073801824],[126.83839528094192,37.47537165282548],[126.83830073661126,37.47539207449228],[126.83815018869957,37.47532908490428],[126.8379870431234,37.47521510658446],[126.83797362588336,37.475213962479415],[126.83789802926468,37.47520878509572],[126.83775534826339,37.47510975794456],[126.83769847321642,37.47510461494616],[126.83763992586056,37.475062294318306],[126.83751951783265,37.47502975441874],[126.83745517435061,37.47497531620441],[126.83739195500593,37.474966507088254],[126.83725694497075,37.474910844484],[126.8372047241877,37.47488121077117],[126.83712358831633,37.474907001291776],[126.83694661001273,37.474900845175874],[126.83682846305719,37.474884336332565],[126.83673806783514,37.47486394675786],[126.83662021178317,37.47488490134292],[126.83647971956528,37.47482978967447],[126.8364533610474,37.47484778097321],[126.83617965119143,37.47480882608778],[126.83613605171415,37.47471388112399],[126.83610875697998,37.47467555002356],[126.83603258152644,37.47461462658329],[126.835946768779,37.47451990094386],[126.83588312752849,37.47446124732329],[126.83583087418073,37.47444709055126],[126.8357678118058,37.47444869566173],[126.83572502741477,37.47438387271784],[126.83483379018259,37.47442345064285],[126.83464015827516,37.47436264071998],[126.83461359261054,37.47487026338613],[126.83476398329367,37.47531337249501],[126.83487200366983,37.47575105997944],[126.83449569865046,37.47601069250749],[126.83407950856929,37.47641528397072],[126.8339960871494,37.47659283289577],[126.83393224778192,37.476784205561415],[126.83348008291325,37.477155777097565],[126.83332747059372,37.47723214459724],[126.83305203696385,37.47724639410183],[126.83207904447843,37.477568237137326],[126.83174817056215,37.47765140179922],[126.8308015027352,37.477424219038674],[126.830457591333,37.47733953358828],[126.82962164249533,37.476895693150496],[126.82955336745661,37.476625023868664],[126.82953683885842,37.476595996964335],[126.82920441972406,37.47619569340344],[126.82818202765625,37.4760345577372],[126.82812249818971,37.47603221836955],[126.82787211974887,37.47598961118795],[126.82611785107429,37.47622156064542],[126.8253419382758,37.47625982599323],[126.8252795615236,37.47626705737305],[126.82483438634773,37.47626029254224],[126.82433472185984,37.47625268796024],[126.82417304722188,37.47619472725665],[126.82410838126452,37.476352584456706],[126.8239507034722,37.47647284799237],[126.82394186486844,37.476467266834504],[126.82381665453873,37.47638817754855],[126.82365421732882,37.47613144520658],[126.82352386857052,37.4761267258481],[126.82343031635862,37.476098725961265],[126.82322622788575,37.476124601600254],[126.82317623440359,37.476125373155114],[126.82314834172254,37.4761219521268],[126.82318227241635,37.47596348148349],[126.8231803699453,37.47594572848237],[126.82316341198555,37.47594600048657],[126.82316159818716,37.47596204326129],[126.82306430085335,37.47595401381836],[126.82294784701453,37.47596791049187],[126.8227772920257,37.47593161277884],[126.8227010761264,37.47589206956096],[126.82263304331308,37.475833978383115],[126.82249338205378,37.4758047638606],[126.82236620835953,37.475805418723006],[126.82224967530158,37.47578101441879],[126.82210737536579,37.47574843393561],[126.82203397389166,37.47563794847671],[126.8219839699184,37.47557283107388],[126.82194926356463,37.47553420498963],[126.82192011279919,37.47546179240377],[126.82191951679748,37.475417588864815],[126.82191346741354,37.475286078832056],[126.82190148888505,37.4752742474845],[126.82177895244232,37.47524590500071],[126.82174507664801,37.47523402331165],[126.82171754723936,37.47522046765162],[126.82170144211192,37.475308857406446],[126.82166817567926,37.47548112297206],[126.82168209799079,37.47556841592695],[126.82170503167906,37.47572585539531],[126.82170744168228,37.475758519650306],[126.82171907893655,37.47591198824746],[126.82173327485748,37.47610741825675],[126.82177886707585,37.476169431837896],[126.82178661859311,37.476180706945264],[126.82177949799332,37.47620349919336],[126.82170596531193,37.47622393078794],[126.82157091102411,37.47626202737126],[126.82152569170377,37.47626139967034],[126.82149574283761,37.47622841333121],[126.82148039675202,37.47621683822539],[126.82141664013317,37.47621448880823],[126.82136311360571,37.476212444029514],[126.82126545783964,37.47620861798694],[126.82123646353874,37.47621168186251],[126.82122643968668,37.476266574725834],[126.82120238526834,37.476283430440475],[126.82115022615535,37.476301074774035],[126.82106949991451,37.47630378030494],[126.82100856395333,37.476299730980465],[126.82079574824331,37.47628281002949],[126.8206191724368,37.47625380744434],[126.82047588873819,37.476263453790615],[126.82033879145004,37.47627225367108],[126.82016108944067,37.47626944831679],[126.82006126335429,37.476204523155616],[126.81998034020647,37.47621426423377],[126.8199163988808,37.47621386925126],[126.81986602049302,37.476223665029735],[126.81983377905773,37.476265567541645],[126.81978111209376,37.4762775963413],[126.81957601368839,37.47635582132386],[126.81954582449181,37.47634874647675],[126.8195151011044,37.476341661943664],[126.8194234488178,37.476328006548094],[126.81934490622646,37.47630198072867],[126.81930767398104,37.47628981438808],[126.81929654780402,37.47628556260313],[126.81914323899305,37.47620593900331],[126.81907929332037,37.476132912067186],[126.81906459410098,37.47607770416629],[126.81905591489202,37.47593690951293],[126.81907122254964,37.47582037024874],[126.81907091135078,37.47580430429057],[126.8190580756378,37.47563395016881],[126.81905203450812,37.475500484305094],[126.81906929849269,37.47544981223463],[126.8191379546544,37.47540263264818],[126.81930002687223,37.475290259091544],[126.81942266131252,37.47519892281633],[126.81941264554514,37.475179491849424],[126.81938703703625,37.475176353211886],[126.81931070868805,37.47518411943594],[126.81928352572687,37.47517731985831],[126.81915818257987,37.47521964467348],[126.81895186095309,37.47529112615016],[126.81882159592226,37.47532696521126],[126.81880731234862,37.47524022274008],[126.81859583036076,37.4752581950243],[126.81846523182263,37.475281643106435],[126.81839983703868,37.47529787633656],[126.81832123074395,37.47529916075224],[126.8186326263907,37.474080759620776],[126.81791836435941,37.47368912126293],[126.81764049736155,37.47318778642172],[126.81707625403108,37.4732879913485],[126.81695305424414,37.47367888679248],[126.81656242717408,37.473994194564234],[126.81598970123021,37.47402426471456],[126.81547348569916,37.474050482806106],[126.81481620218769,37.47455260127018],[126.8146285450668,37.47464944102659],[126.8147297951189,37.47505730490196],[126.81496486870458,37.47586011733877],[126.81522179173919,37.47625106187682],[126.81529553334455,37.47636211793567],[126.81610873741613,37.47674491642102],[126.81610033311863,37.476861185492254],[126.81607187918348,37.477080462701615],[126.81641149659589,37.477537146106904],[126.81699971309445,37.47797673651866],[126.81706072312376,37.47802526075095],[126.81721043159743,37.47813558672845],[126.81732399591029,37.47813969124908],[126.81825629489947,37.478164224843745],[126.81837356409832,37.47831927084269],[126.81877942107327,37.47886305069063],[126.81899737749872,37.479162400683805],[126.81936736325615,37.479863501645966],[126.81952586544767,37.4802807276304],[126.81954289057873,37.48032355193077],[126.81959783411976,37.480613939639454],[126.81957797613028,37.48079268475621],[126.81968768624317,37.48100854480403],[126.8197462381874,37.481121547753595],[126.81975993098737,37.48115421206115],[126.81977556947638,37.48119057297136],[126.81978715606623,37.48121874699209],[126.81980138725457,37.481253403157964],[126.81981438815896,37.48128578785413],[126.81984319023228,37.48135426371584],[126.81986777938152,37.4814106138412],[126.81988797628394,37.48145992051434],[126.81989958580614,37.48147963291902],[126.81991400286188,37.48151176828863],[126.8199467074327,37.48157348278446],[126.81996658465454,37.481610390150394],[126.81998294022377,37.48164054625467],[126.81998645814113,37.481644207893275],[126.81998465675221,37.48166054114704],[126.81998492920616,37.48169263470524],[126.81998127027401,37.48174695943379],[126.81998084504747,37.48177315970458],[126.81997798393301,37.48178751789986],[126.81997350177556,37.48181735216454],[126.81996383117891,37.481875046018615],[126.81996271658737,37.4818913881758],[126.81993876222042,37.48193695995117],[126.81992262506736,37.481966786541],[126.81989709263752,37.48200023674536],[126.81984567974804,37.48207704044116],[126.81979958330578,37.48214734728592],[126.81973897203748,37.48222666713819],[126.81968206928181,37.482305137437585],[126.81961311948717,37.48240047500436],[126.81958369813171,37.48243871208329],[126.8195678762965,37.48248261251987],[126.81956199895609,37.48250062387931],[126.8195554243835,37.482516958240936],[126.81955395617047,37.482534677561524],[126.81955336891698,37.4825622841569],[126.81955027691237,37.48259691264261],[126.81954845976755,37.48261915652171],[126.81954300340428,37.48268277707682],[126.8195400172792,37.48274866138899],[126.81953689268572,37.48280157255453],[126.81953396607764,37.482837905230646],[126.81952966057005,37.48286520928635],[126.81952555077487,37.48289110500524],[126.81951605056209,37.48294289786853],[126.81950708429827,37.4829989177961],[126.81950206403185,37.48302761674417],[126.81949474116472,37.48306281556003],[126.81948758493091,37.48309516890043],[126.81946911982193,37.48313766773531],[126.81944975680622,37.4831784631065],[126.81943218256315,37.48321757434111],[126.81941565387748,37.48325443656381],[126.81940394115789,37.483282006022336],[126.81939061132385,37.48330930374602],[126.81939818002864,37.48332113688926],[126.81940732623185,37.48333973926359],[126.81941910836113,37.48336311995048],[126.81943070176723,37.48338904120473],[126.81944688689684,37.48342004361172],[126.81946236226976,37.483448772042486],[126.81947553825425,37.483475274005485],[126.81949083840492,37.48350711137532],[126.81950190861983,37.483529373365336],[126.81952038691534,37.48356093691143],[126.81954096651398,37.483597008866965],[126.81955838216159,37.48362829231577],[126.8195733396728,37.48365224471746],[126.81956672961823,37.4836784176098],[126.81956086069012,37.48369670848577],[126.81954916086515,37.48371470941262],[126.81953780779267,37.483733830223656],[126.81952734367833,37.4837501586821],[126.81952468322605,37.48375691230481],[126.8195122279372,37.48379236487918],[126.81950281301307,37.483814036854994],[126.8194965968058,37.48382669557475],[126.81947193569441,37.483870014736354],[126.81945277775691,37.48390461943661],[126.81942492351956,37.483953283527526],[126.8193855333399,37.48402249277074],[126.81934295800428,37.48409563201751],[126.81932503578976,37.4841282478998],[126.8193138227067,37.48416456912931],[126.81930758242781,37.48418314612568],[126.819310895319,37.48420172974996],[126.81931347324885,37.48422903383945],[126.81931748907348,37.484251863107104],[126.8193208059223,37.48426902188646],[126.81932660066353,37.48428509575825],[126.8193447118403,37.48431300152055],[126.81936706280887,37.48435160885859],[126.81938624342969,37.48438232594876],[126.81940278047038,37.48441192257173],[126.81942054396661,37.48444376313417],[126.8194372693035,37.4844710986536],[126.81945115646513,37.484497303234505],[126.81946770164079,37.48451984377575],[126.81947628072705,37.48455364549434],[126.81948819877121,37.48459448790492],[126.81948283623879,37.48461927446448],[126.81947373968362,37.48465895936152],[126.819466762224,37.48469243876119],[126.81947251759763,37.48472062267],[126.8194847461368,37.4847780784004],[126.81949155752179,37.48480849866555],[126.81948209405493,37.48485521941266],[126.81946852172618,37.48491348377222],[126.81944759507863,37.484945544873305],[126.81941319995566,37.485001506313736],[126.81940090609379,37.48503473557457],[126.81938686845281,37.48507525847047],[126.81936514226472,37.48514278148979],[126.81936229794042,37.48515039061851],[126.81936173819683,37.48516194092116],[126.81935280710319,37.485203310191736],[126.81934205185705,37.4852697339609],[126.8193343573477,37.485309716844576],[126.819325217958,37.48536178957018],[126.81931983972308,37.48539331636503],[126.81930667877302,37.48543018365634],[126.81928995948698,37.485475207200516],[126.81929930422756,37.48548252951478],[126.81931674798747,37.48550199995919],[126.81932699742356,37.485504267280035],[126.81941736435473,37.48553565414085],[126.81947791771788,37.4855562883296],[126.819508282581,37.485567616805746],[126.81951391986341,37.48556985919513],[126.81961453486696,37.48560353135601],[126.81971126463365,37.48564000878811],[126.81976421399617,37.485659236893945],[126.819803578053,37.485670558793935],[126.81982476425885,37.48567650346976],[126.819923455144,37.4857067842197],[126.82000007052541,37.485729688610654],[126.82003396594627,37.48573989407829],[126.82012329307949,37.48577044095095],[126.82023203496551,37.48580579932711],[126.82035295654718,37.485845125425115],[126.82045975234861,37.48588103134062],[126.82052170884478,37.48590169672213],[126.82054042636244,37.48590848199191],[126.82063627277118,37.48594211980758],[126.82064192214719,37.48594410089548],[126.82074412526802,37.485980297576745],[126.82085673566942,37.48602018603244],[126.82097447268173,37.48606231596617],[126.82099106929309,37.48606797273708],[126.82109203406854,37.48610304081187],[126.82118594556165,37.48613640409568],[126.82120659585716,37.4861446076279],[126.82129202853675,37.48617739947721],[126.8213283462172,37.486210954401855],[126.82137751287449,37.486260583994266],[126.82143831257908,37.48632035952877],[126.82151022517047,37.48639085454872],[126.82156838627357,37.486447823993515],[126.82162020003335,37.48650113372933],[126.82163678834743,37.486515511758654],[126.8217224026807,37.486539580742914],[126.82187723479512,37.486583451587435],[126.82199306506493,37.48661488471096],[126.82213783265058,37.48665452242902],[126.82224376686953,37.486683389329855],[126.82234439911817,37.48671086852453],[126.82239066045392,37.48672332885983],[126.82240612554725,37.48675713904654],[126.8224200056825,37.48678756887259],[126.82243618860205,37.48682025483146],[126.82245446643239,37.48686024988199],[126.82247292444278,37.48690055404229],[126.82248294717294,37.486921686899464],[126.82250041228336,37.48693295878462],[126.82251857372609,37.48694594285012],[126.82254396030712,37.48696455943418],[126.82256900425581,37.48698404052126],[126.82279190669308,37.48715501075585],[126.82291112782217,37.48724529016948],[126.82295750335388,37.48728025613396],[126.82299700965298,37.487309318756346],[126.82310510228967,37.48739537513076],[126.82322519552794,37.48749016103303],[126.82332255425929,37.48755871127562],[126.82341338824642,37.48762305234695],[126.8235871203693,37.48774241840651],[126.82356088908935,37.48777530972485],[126.8235563180419,37.48777193428976],[126.8235064060974,37.487735242871736],[126.82301073667676,37.488150376945605],[126.8230376824646,37.488187304467736],[126.8230405702079,37.48838072769396],[126.82304695400127,37.48874423620743],[126.82304781302383,37.48882477690132],[126.82304691679042,37.489053684558414],[126.823047066872,37.489291043974525],[126.82300556221642,37.48935545656805],[126.82291103477172,37.4895115643283],[126.82283405189625,37.489635911680764],[126.82281797609815,37.48971501404743],[126.82277953213999,37.489900498873304],[126.82276239353517,37.4899793107129],[126.82273992520996,37.489984907230955],[126.82257039381861,37.49003167429559],[126.8225203598938,37.49004568115401],[126.82232129300549,37.49009801480482],[126.8220900570922,37.49015960780506],[126.82195055278272,37.49020023890477],[126.82163268663348,37.4902870347166],[126.8215129726987,37.49032964996551],[126.82146540405581,37.49034844410988],[126.82136723134491,37.49039193827591],[126.8212757050322,37.49047344790188],[126.821148606912,37.490530746537445],[126.82102365959368,37.49058709299861],[126.82093198084638,37.49057738529579],[126.820993820408,37.49064786560416],[126.82098847654962,37.49065114453986],[126.82096305399511,37.49066668569711],[126.82079376657427,37.49052732063698],[126.82078545097428,37.49053351583172],[126.82077802063795,37.490538856244655],[126.82081021229156,37.490595497925966],[126.82089971285707,37.490702348708325],[126.8209761708952,37.49079341187181],[126.82084792961022,37.49078052978374],[126.82033956872016,37.49072907054104],[126.82020966486036,37.49074859417071],[126.8200452598029,37.49078860714876],[126.81993822907799,37.490842214644786],[126.81982042146889,37.4909014457047],[126.8196182264193,37.49100559712491],[126.81952747302401,37.491052759559935],[126.8194112305719,37.49112295583509],[126.8193742197467,37.4911564173036],[126.81932586807423,37.4912027978508],[126.81931989015169,37.49119209341855],[126.81924838982899,37.491314465242624],[126.81889807688361,37.49144146903986],[126.81857411073534,37.491559224603506],[126.81788934758977,37.491535637730074],[126.81743237611236,37.49178382801867],[126.81704422697078,37.49199242520135],[126.81690854069038,37.49206400516294],[126.81666721785476,37.49219511870058],[126.81643969654134,37.49231837086295],[126.81628224497175,37.49240231290636],[126.81617078140724,37.49246266793523],[126.81605826710782,37.492523596623016],[126.81597174298362,37.49257216878846],[126.81587266832261,37.49262607279455],[126.8157437541543,37.4928153597199],[126.81551905247201,37.493154853255845],[126.8154883732441,37.49320153154641],[126.81544472801262,37.493200335701566],[126.81543360183673,37.49319976839924],[126.81516045571577,37.493196806052474],[126.8146800526761,37.493193226821234],[126.81466415518895,37.49319292389203],[126.81457493423707,37.49319333269669],[126.81442817362813,37.49351831577465],[126.81439247828206,37.49359428552077],[126.81431768376444,37.49375887826454],[126.81432710477493,37.493948382190645],[126.81433258488653,37.49401793859327],[126.8143526217635,37.494340356523125],[126.81435277227433,37.494425095030046],[126.81423869040539,37.49454121562242],[126.81422062061532,37.494558639860955],[126.81406917205969,37.49471296408901],[126.81395385227782,37.494830488870306],[126.81386745691385,37.49489820510372],[126.8138548665895,37.494918179654185],[126.81371767627614,37.49515841092908],[126.81356577098116,37.49542620659689],[126.8133687769571,37.49577025354447],[126.81332067828002,37.49585379944011],[126.8131998182181,37.4960690083177],[126.81301239870747,37.496400655652984],[126.81314603464203,37.49658782640122],[126.8132474423051,37.49673385057811],[126.81364546519993,37.49704475193606],[126.81393679561018,37.49726850846466],[126.8140366019002,37.49735171091708],[126.81407130856753,37.49760434275774],[126.81411330889141,37.497907649653456],[126.81413961897061,37.49812646233005],[126.81419689270913,37.4981865241445],[126.81428291853018,37.49826803831779],[126.81461871652807,37.49802755284888],[126.81464245899063,37.49800224550332],[126.81514196221707,37.49800951385974],[126.81527554889301,37.49793285873603],[126.81532581049096,37.49790280871366],[126.81574376300091,37.49766104394892],[126.81577225564823,37.49764419699151],[126.81609666351865,37.497643858506315],[126.81622203204637,37.497679248056166],[126.81651457833118,37.49777769042351],[126.81658270669925,37.4978070791939],[126.81670050778212,37.49789849037774],[126.81689034425254,37.49801789051936],[126.81699576007394,37.49804705675724],[126.81709586856512,37.498077621484846],[126.81725072224758,37.49812544632793],[126.81758266188038,37.49822732600014],[126.8177259322214,37.498383248632216],[126.81792558714224,37.49860457443595],[126.81802883870569,37.49872356850031],[126.81820857240935,37.498855896465365],[126.81891244580692,37.49874886753019],[126.81933815951578,37.49901982450538],[126.81945000966859,37.499091219758014],[126.81955286617975,37.499159809646294],[126.81964020426688,37.499210624701306],[126.81962992483322,37.49922439382758],[126.81960952235616,37.49925760107563],[126.81959489139905,37.4993127641113],[126.81951770422259,37.49959392814641],[126.81946688534684,37.49978388880763],[126.81944257263623,37.49996997842381],[126.81940276027066,37.500284139982405],[126.81938867306498,37.50041278946449],[126.81938130017832,37.50046401786557],[126.81940413447671,37.50066396590839],[126.81941531973689,37.50078899748215],[126.81942961417953,37.500798877287885],[126.81971369823687,37.5011098603201],[126.8199073803271,37.50132331598109],[126.8200004107447,37.50143438959409],[126.82006448019892,37.50146574449954],[126.82037930985322,37.50163544366558],[126.82061241185043,37.501767572161675],[126.82075311997882,37.50182382008532],[126.82087174738018,37.5018729799718],[126.82117669031226,37.50196524844495],[126.82134124009298,37.50202068588527],[126.82154432907812,37.50214938602908],[126.82156445269018,37.50215645483117],[126.82155565791587,37.502361986234725],[126.82155181597807,37.502417445813066],[126.8215437217967,37.50262353577173],[126.82154686435979,37.50270885581413],[126.8215545076931,37.50284119798338],[126.82156354669333,37.50290202828853],[126.82159069804298,37.50300174695042],[126.82165197007863,37.50324313615375],[126.82181272591498,37.5035570367075],[126.82187466383739,37.503666376162414],[126.82197625171467,37.50389572574104],[126.82197291948559,37.50410604883671],[126.82191404008891,37.50427264426407],[126.82187846076073,37.50436634837696],[126.82182719475632,37.50452197145449],[126.82182698929023,37.50453773838937],[126.82189525728067,37.50473437737631],[126.82195723768095,37.504902281621945],[126.82196845970951,37.504939176813],[126.82202006490422,37.50508088376357],[126.82215572152488,37.505181324575766],[126.82237887118497,37.50534778995613],[126.82238922080347,37.50537511481656],[126.82246509759305,37.50556922299877],[126.82251494602816,37.50563771967191],[126.82255053767821,37.505685076850845],[126.82253681357932,37.50573488978376],[126.82251355358642,37.505998116078985],[126.82249309971056,37.50605749694844],[126.82249121747208,37.50610224718837],[126.82238321544979,37.50611392219495],[126.82236192347457,37.50622566825229],[126.82231898652908,37.50652095818133],[126.82229680146904,37.50670817058417],[126.82224712338865,37.50708426043327],[126.8222240131928,37.5072892023526],[126.82221873231377,37.50743081214742],[126.82221518823866,37.507654371375715],[126.822222891335,37.507687323838816],[126.82255311767244,37.5077123219176],[126.8226389411655,37.507739482686425],[126.82286582209184,37.50782371710813],[126.82311491401386,37.50793333914687],[126.8235919169284,37.508137908612476],[126.82418922382868,37.50821990571357],[126.82445738528462,37.508258041588874],[126.82455081154922,37.5082846448005],[126.82469417031731,37.50832055433623],[126.82408057559385,37.5088752728368],[126.82390424959938,37.509094886991285],[126.82418363504502,37.509678125148575],[126.824344767953,37.51022586624615]]]]},"properties":{"ctp_eng_nm":"Seoul","ctprvn_cd":"11","ctp_kor_nm":"서울특별시"},"id":"LT_C_ADSIDO_INFO.1123"}]}